step,loss,grad_norm,seconds
1,0.4204314351081848,0.49326515197753906,2.351081104000002
2,0.3589233160018921,0.5286188721656799,0.32901222899999993
3,0.3706353008747101,0.4793195128440857,0.3003029529999992
4,0.3320612907409668,0.4868285357952118,0.27339158899999916
5,0.33463242650032043,0.524896502494812,0.30222297700001377
6,0.3273063898086548,0.5357866883277893,0.26532401200000777
7,0.308907687664032,0.5880801677703857,0.2998784760000035
8,0.27310556173324585,0.46885544061660767,0.3057623729999932
9,0.3620792031288147,0.4669991433620453,0.2677633739999976
10,0.28197044134140015,0.5947064757347107,0.26741944099998705
11,0.305894672870636,0.7226782441139221,0.29039059699999825
12,0.30319666862487793,0.7046512365341187,0.27887628399997766
13,0.27053070068359375,0.650171160697937,0.2843246910000232
14,0.2782604396343231,0.6196457147598267,0.2879397190000077
15,0.261136531829834,0.6685578227043152,0.2636301240000023
16,0.2435450255870819,0.5675439834594727,0.26991317200000253
17,0.22322368621826172,0.5626713037490845,0.26424058500001024
18,0.261630117893219,0.6392613053321838,0.3242475769999942
19,0.24371162056922913,0.7219186425209045,0.32918911999999523
20,0.25573116540908813,0.7618348598480225,0.30530685499999777
21,0.2236529290676117,0.6690387725830078,0.28887141799998517
22,0.19681906700134277,0.5280329585075378,0.34149438199997917
23,0.24215057492256165,0.7956514954566956,0.2685691259999885
24,0.20659658312797546,0.612851083278656,0.2706950310000025
25,0.2887042760848999,0.7341445684432983,0.2767504219999921
26,0.2328987419605255,0.6122885346412659,0.2692245160000084
27,0.21407970786094666,0.6957225799560547,0.2647904510000103
28,0.22571077942848206,0.784346342086792,0.2809135410000181
29,0.19716806709766388,0.6767445802688599,0.264094660000012
30,0.23562946915626526,0.8591290712356567,0.25164856100002453
31,0.22166499495506287,0.4878058135509491,0.33312259799998856
32,0.18755242228507996,0.5538080930709839,0.2608252309999841
33,0.21934767067432404,0.6926684379577637,0.2662373349999996
34,0.2113172709941864,0.6347574591636658,0.2583222220000039
35,0.1928595006465912,0.7263750433921814,0.2671196970000267
36,0.18468627333641052,0.6145306825637817,0.2607588900000053
37,0.18766215443611145,0.5528784990310669,0.2652012609999872
38,0.21060290932655334,0.7239675521850586,0.2696918399999788
39,0.2173670083284378,0.7353320717811584,0.26172571000000744
40,0.22210267186164856,0.5534219741821289,0.26017762000000744
41,0.2415994107723236,0.5228150486946106,0.261883427000015
42,0.1965697854757309,0.7035378217697144,0.2630769820000012
43,0.1888616532087326,0.6875919103622437,0.26542049400001133
44,0.22247397899627686,0.880230724811554,0.2887095589999831
45,0.19121456146240234,0.5857123136520386,0.28720977099999345
46,0.2322452962398529,0.6736270189285278,0.26803603600001225
47,0.19366437196731567,0.6652377247810364,0.26541854199999193
48,0.25031620264053345,0.6195727586746216,0.2604966980000256
49,0.1883040964603424,0.639164388179779,0.26854180800000904
50,0.19943425059318542,0.5004856586456299,0.2667906880000146
51,0.17598067224025726,0.5909817814826965,0.2765855350000095
52,0.1727825254201889,0.5798313021659851,0.27212525199999504
53,0.2097298502922058,0.6524662375450134,0.26615207599999735
54,0.19069704413414001,0.5356997847557068,0.27072590100002003
55,0.2015971541404724,0.5034750699996948,0.27113836499998456
56,0.1809173822402954,0.6639866232872009,0.268458035000009
57,0.18813112378120422,0.6048292517662048,0.28208201900000063
58,0.17505314946174622,0.6742061972618103,0.26749232399998846
59,0.17185205221176147,0.5238394737243652,0.26660408899999766
60,0.19484607875347137,0.7035172581672668,0.25628751900001134
61,0.17328885197639465,0.7031646966934204,0.27151571000001695
62,0.16169455647468567,0.5940608382225037,0.2827616019999937
63,0.1611921489238739,0.5556437969207764,0.2749352029999841
64,0.18917039036750793,0.4294910430908203,0.2543045090000078
65,0.16976356506347656,0.6544278860092163,0.25960361700001044
66,0.2045302391052246,0.6132048964500427,0.25714836500000615
67,0.17269450426101685,0.7142607569694519,0.29196441799999207
68,0.15810102224349976,0.6402949094772339,0.28173126799998727
69,0.1921897530555725,0.7443696856498718,0.2745057749999944
70,0.20506468415260315,0.8483677506446838,0.2737348389999852
71,0.17499098181724548,0.5744495987892151,0.2715899199999967
72,0.18726608157157898,0.4271402060985565,0.2604062950000241
73,0.16089960932731628,0.5178050994873047,0.255350261999979
74,0.15958184003829956,0.6179236769676208,0.25747408400002314
75,0.17338955402374268,0.6362417340278625,0.2608080079999979
76,0.20229798555374146,0.3820571005344391,0.3015346349999959
77,0.16197651624679565,0.655924379825592,0.275440734
78,0.15894094109535217,0.636387050151825,0.2633251470000175
79,0.16481852531433105,0.5145444273948669,0.2675681919999988
80,0.19877228140830994,0.3685341775417328,0.2692803650000144
81,0.15868766605854034,0.6238395571708679,0.27776540100001057
82,0.157235249876976,0.6784473657608032,0.2687459360000162
83,0.1969488114118576,0.7105667591094971,0.27522665500001153
84,0.139060378074646,0.5746672749519348,0.26708815499998195
85,0.1612713634967804,0.68836510181427,0.26166390999998157
86,0.16741523146629333,0.593741774559021,0.26556144999997855
87,0.17513002455234528,0.6032351851463318,0.2561903120000011
88,0.1929345279932022,0.4339773952960968,0.26617981399999735
89,0.19215646386146545,0.6411463618278503,0.2599724700000081
90,0.14196795225143433,0.5875605344772339,0.25893143900000837
91,0.18210184574127197,0.47783857583999634,0.2588117239999974
92,0.15048930048942566,0.6545798778533936,0.2660407550000059
93,0.17618553340435028,0.44141677021980286,0.2593713649999927
94,0.18047165870666504,0.7232070565223694,0.257049760000001
95,0.18811576068401337,0.3781775236129761,0.2661162109999964
96,0.15037155151367188,0.6534193158149719,0.2740836940000122
97,0.13222451508045197,0.5254279971122742,0.2685682260000135
98,0.15547791123390198,0.65314120054245,0.259713124000001
99,0.13862007856369019,0.5128315091133118,0.2589893800000027
100,0.17124903202056885,0.5887725949287415,0.2728294329999983
101,0.1379149854183197,0.6031375527381897,3.0166656199999977
102,0.14949601888656616,0.6825323104858398,0.29499760299998457
103,0.12150608003139496,0.47180330753326416,0.27635759800000415
104,0.2032380998134613,0.7956804633140564,0.27036028000000556
105,0.14101451635360718,0.5975750684738159,0.2763096850000011
106,0.12629812955856323,0.4824392795562744,0.2661245440000073
107,0.1572544425725937,0.5627732276916504,0.28225231900000836
108,0.1685861051082611,0.552105724811554,0.2774780539999995
109,0.16333919763565063,0.6388610005378723,0.26924716299998863
110,0.12405386567115784,0.5205366611480713,0.27870506299998965
111,0.13486164808273315,0.5168007612228394,0.27826126300001874
112,0.16774606704711914,0.6961982250213623,0.2776318810000191
113,0.14594519138336182,0.5047822594642639,0.26562576399999216
114,0.12601125240325928,0.4924618601799011,0.2692982739999934
115,0.1317727267742157,0.582740068435669,0.2839931409999963
116,0.15141373872756958,0.6411452293395996,0.27930723800000123
117,0.13208913803100586,0.5418171882629395,0.26217127800001094
118,0.13490751385688782,0.5658978223800659,0.28277667300000076
119,0.13605082035064697,0.5857884883880615,0.2642411930000037
120,0.11999430507421494,0.48874932527542114,0.2660093389999929
121,0.1623346209526062,0.7055779099464417,0.27672263999997426
122,0.13206326961517334,0.5660200715065002,0.2643694359999813
123,0.1505163013935089,0.5186724662780762,0.2570800309999868
124,0.11951310932636261,0.5202810764312744,0.27073221599999897
125,0.14827018976211548,0.6693922281265259,0.27128256599999645
126,0.11884710192680359,0.4183915853500366,0.2704406289999781
127,0.12428686767816544,0.5460256934165955,0.29204489500000363
128,0.17134836316108704,0.7873385548591614,0.2596385909999981
129,0.12628506124019623,0.40538090467453003,0.271147950999989
130,0.1338576227426529,0.6110131144523621,0.2715487400000143
131,0.11351338773965836,0.47645971179008484,0.2594145609999998
132,0.14213836193084717,0.4284728467464447,0.3001447509999764
133,0.1219145730137825,0.4797678291797638,0.2788988449999863
134,0.12573553621768951,0.566944420337677,0.2924225669999885
135,0.12596580386161804,0.5423251986503601,0.275567513999988
136,0.14056861400604248,0.6403415203094482,0.27256150100001264
137,0.1270822435617447,0.5571032762527466,0.29061316599998577
138,0.13547605276107788,0.504418134689331,0.2724576359999844
139,0.1328209638595581,0.523262619972229,0.2690467009999793
140,0.14935556054115295,0.5728732943534851,0.27283188999999197
141,0.12028229236602783,0.4428047239780426,0.2767409289999989
142,0.12160417437553406,0.5261136293411255,0.2736700410000026
143,0.11131342500448227,0.43854814767837524,0.2713803000000041
144,0.11925874650478363,0.5042204856872559,0.2674742600000002
145,0.10869765281677246,0.4574613571166992,0.2686770509999974
146,0.10710885375738144,0.3817278742790222,0.2622742719999849
147,0.23770153522491455,0.5504220128059387,0.28203401999999755
148,0.12519186735153198,0.5448147654533386,0.2741495989999976
149,0.12259502708911896,0.534932553768158,0.2795935930000155
150,0.12370609492063522,0.534888744354248,0.306837201999997
151,0.11532250046730042,0.4800680875778198,0.2879423910000014
152,0.10410112142562866,0.4191038906574249,0.2674281140000119
153,0.13276594877243042,0.5527145266532898,0.2645746219999978
154,0.12575680017471313,0.3521241545677185,0.26301891999997906
155,0.11597484350204468,0.40738818049430847,0.2791768149999996
156,0.12628298997879028,0.44115617871284485,0.27193208700001037
157,0.13361680507659912,0.5328516960144043,0.26930774300001303
158,0.11779545247554779,0.5395501852035522,0.2596655860000112
159,0.10725632309913635,0.46038439869880676,0.27532276299999126
160,0.1288946568965912,0.4520183503627777,0.27387455900000646
161,0.11124257743358612,0.44777005910873413,0.2612997150000069
162,0.14019043743610382,0.4055898189544678,0.2623857020000173
163,0.1123226210474968,0.4979378581047058,0.2580708519999746
164,0.13951393961906433,0.6121957302093506,0.2582108029999972
165,0.10320790857076645,0.3879793882369995,0.26301130199999534
166,0.1049765944480896,0.37658339738845825,0.26619025599998736
167,0.11182525008916855,0.3362045884132385,0.26533164300002454
168,0.11429496109485626,0.46447640657424927,0.2643275620000054
169,0.109848752617836,0.5021235346794128,0.3696855620000008
170,0.15089261531829834,0.6480149626731873,0.29138577500000906
171,0.10638052225112915,0.4388001561164856,0.26267677500001696
172,0.11578088998794556,0.5014652609825134,0.27426950800000327
173,0.15908297896385193,0.3238484263420105,0.26691247499999804
174,0.1003115177154541,0.37701088190078735,0.2681405419999976
175,0.10062436759471893,0.399787962436676,0.26240101000001914
176,0.10291987657546997,0.44342201948165894,0.2578517449999822
177,0.10457868874073029,0.4034993052482605,0.2652095729999928
178,0.1645144522190094,0.301048219203949,0.2667582520000167
179,0.1148582398891449,0.5466081500053406,0.2664354439999954
180,0.1388760805130005,0.4172542691230774,0.264690475000009
181,0.09646894782781601,0.3970227539539337,0.26747497499999895
182,0.12894511222839355,0.4186961054801941,0.2667290980000132
183,0.12276411801576614,0.5748345851898193,0.2691156470000067
184,0.09098823368549347,0.3705538809299469,0.26636001099998907
185,0.1106502115726471,0.4577096998691559,0.2688450680000187
186,0.11486570537090302,0.49095839262008667,0.26839143699999113
187,0.11420299112796783,0.276947557926178,0.25877529900000695
188,0.09524610638618469,0.35905465483665466,0.2698603059999982
189,0.12136375159025192,0.5031874179840088,0.2735474389999979
190,0.14283564686775208,0.5246787667274475,0.2915071850000004
191,0.11086662113666534,0.4424201548099518,0.28328153600000405
192,0.09404107928276062,0.42787158489227295,0.2858443359999683
193,0.14200963079929352,0.2892339825630188,0.28273461699996005
194,0.18930622935295105,0.30224061012268066,0.2735071019999964
195,0.09340964257717133,0.34364053606987,0.2664183219999927
196,0.11725538969039917,0.48816755414009094,0.2628477640000142
197,0.10183107852935791,0.34769976139068604,0.2652972429999636
198,0.11780016124248505,0.402864933013916,0.2704724570000394
199,0.09214535355567932,0.3245493471622467,0.2677978909999865
200,0.12836472690105438,0.34821566939353943,0.27978224299999965
201,0.10805997252464294,0.33886614441871643,0.26321832100001075
202,0.09259600937366486,0.4075131118297577,0.2655356500000039
203,0.09881507605314255,0.43648695945739746,0.2664762510000287
204,0.09465213119983673,0.41838017106056213,0.26244936100005134
205,0.09234090149402618,0.28770798444747925,0.27291984400000047
206,0.09639431536197662,0.4060380160808563,0.3090918780000038
207,0.19351744651794434,0.3932783007621765,0.27054507099995817
208,0.09583957493305206,0.4128521978855133,0.2660769470000446
209,0.10635983198881149,0.24730083346366882,0.26063773300001003
210,0.10364983975887299,0.3097064197063446,0.2659080010000139
211,0.08818879723548889,0.3294048309326172,0.26711350800002265
212,0.146506205201149,0.3135940730571747,0.2685624019999864
213,0.10059060156345367,0.3149697184562683,0.2694580240000164
214,0.2197403758764267,0.5400637984275818,0.26642669500000693
215,0.10422851145267487,0.3765012323856354,0.26429550799997514
216,0.09919515252113342,0.40234753489494324,0.27480388399999356
217,0.1091698631644249,0.4276598393917084,0.27398713600001656
218,0.11772031337022781,0.4678789973258972,0.2762733079999862
219,0.1059042364358902,0.2749418318271637,0.27268234199999597
220,0.09340296685695648,0.3588421046733856,0.2725095839999767
221,0.08248898386955261,0.25670725107192993,0.2656704899999909
222,0.089983731508255,0.3600817620754242,0.26614458700004207
223,0.09416431188583374,0.3405894637107849,0.26568768499998896
224,0.10055491328239441,0.4612724483013153,0.2715363679999996
225,0.10172006487846375,0.33517295122146606,0.2675391860000218
226,0.09814423322677612,0.3128783404827118,0.2635229109999955
227,0.12235483527183533,0.42998015880584717,0.26154604600003495
228,0.10966980457305908,0.32681331038475037,0.2744476110000278
229,0.10015720874071121,0.26036861538887024,0.27052617200001805
230,0.10023501515388489,0.4686536192893982,0.2659392539999885
231,0.11465460062026978,0.5071865916252136,0.27206264599999486
232,0.08470278233289719,0.3125905394554138,0.263220055999966
233,0.114931121468544,0.4772602617740631,0.2645390480000174
234,0.12103975564241409,0.4541638195514679,0.26900870600002236
235,0.09254974126815796,0.2405032515525818,0.27036441599994987
236,0.08303161710500717,0.30557310581207275,0.26527891299997464
237,0.1147453710436821,0.267543762922287,0.2702220109999871
238,0.08265306055545807,0.3184686601161957,0.2666377069999726
239,0.10533224046230316,0.5039411187171936,0.26587213199996995
240,0.14033424854278564,0.256259948015213,0.2634485860000382
241,0.10962232947349548,0.26687735319137573,0.26509582799997133
242,0.08938527852296829,0.3792179226875305,0.2707076030000053
243,0.14820578694343567,0.3321463167667389,0.2928055259999951
244,0.08829136192798615,0.35986045002937317,0.26679020000000264
245,0.12250916659832001,0.28123605251312256,0.26583025200000066
246,0.08780977129936218,0.36587661504745483,0.25962143600003174
247,0.08966219425201416,0.3649246096611023,0.2697295329999747
248,0.10207192599773407,0.25113895535469055,0.2613125480000349
249,0.07992424070835114,0.315883606672287,0.2625038119999772
250,0.07580588757991791,0.2873384952545166,0.2661805310000318
251,0.11165677011013031,0.2666354179382324,0.2802633539999988
252,0.14695170521736145,0.32913443446159363,0.2822920419999946
253,0.10328394919633865,0.46977499127388,0.26613513099999864
254,0.12337152659893036,0.4223023056983948,0.2761202019999587
255,0.08734294027090073,0.3988472819328308,0.26211340500003644
256,0.08769084513187408,0.27641355991363525,0.265461857000048
257,0.09163444489240646,0.43942707777023315,0.2650842429999898
258,0.09275581687688828,0.41839146614074707,0.2664393959999529
259,0.07685469090938568,0.24418556690216064,0.279709352999987
260,0.082725390791893,0.26956477761268616,0.26281078099998467
261,0.07850201427936554,0.3355502486228943,0.26786259700003257
262,0.08549974858760834,0.36793187260627747,0.2604566080000268
263,0.08465233445167542,0.3713306784629822,0.2723010880000061
264,0.08060309290885925,0.3052075207233429,0.2609810829999901
265,0.10624697059392929,0.23377859592437744,0.2662777799999958
266,0.10112139582633972,0.34210801124572754,0.2667580849999922
267,0.09008647501468658,0.23415829241275787,0.25701240599994435
268,0.22380560636520386,0.7207410931587219,0.25833741500002816
269,0.1498139500617981,0.26222237944602966,0.26986685299999635
270,0.0829717293381691,0.3280327320098877,0.2789308540000093
271,0.12815062701702118,0.2568929195404053,0.3005472919999761
272,0.08318156003952026,0.26394709944725037,0.2944721910000112
273,0.10660398006439209,0.3079875409603119,0.2931286169999794
274,0.09757337719202042,0.23389330506324768,0.27141562799999974
275,0.1545681208372116,0.4188776910305023,0.27686550999999326
276,0.08296985924243927,0.21679449081420898,0.3033240910000359
277,0.09370752424001694,0.4070868492126465,0.26288247200000114
278,0.09604141116142273,0.22577109932899475,0.2596914420000189
279,0.07430814951658249,0.20341552793979645,0.2677958639999929
280,0.11665313690900803,0.2688971161842346,0.256638597999995
281,0.13900531828403473,0.23708222806453705,0.26738397599996233
282,0.08225472271442413,0.2996461093425751,0.26402989000001753
283,0.08435502648353577,0.30621302127838135,0.26216171200002236
284,0.08506077527999878,0.3278728723526001,0.26630685300000323
285,0.08820866793394089,0.41037511825561523,0.2668751410000141
286,0.07796799391508102,0.26655226945877075,0.2654149420000067
287,0.14191825687885284,0.349494606256485,0.2619388089999575
288,0.07574473321437836,0.20162545144557953,0.26662084000003006
289,0.08458134531974792,0.3497518301010132,0.26881141299998035
290,0.08565521240234375,0.3599979877471924,0.25913873000001786
291,0.12704239785671234,0.2524900436401367,0.27336926600003153
292,0.08728842437267303,0.33435288071632385,0.26718304999997144
293,0.07652541995048523,0.24660445749759674,0.2562398210000083
294,0.10986699163913727,0.3892287611961365,0.26323963500004766
295,0.07591000199317932,0.30820155143737793,0.27031132500002286
296,0.06810742616653442,0.2060050070285797,0.26963585699996884
297,0.08756428956985474,0.24211761355400085,0.2607892579999884
298,0.09434982389211655,0.28773245215415955,0.2617797430000337
299,0.07831631600856781,0.33188551664352417,0.2628345470000113
300,0.10495413839817047,0.2810271382331848,0.2627293799999961
301,0.08188179135322571,0.25399288535118103,0.2646728260000373
302,0.1363091766834259,0.32255327701568604,0.27763957600001277
303,0.12252165377140045,0.32403364777565,0.27019894300002534
304,0.1229434683918953,0.3779343068599701,0.2598708800000509
305,0.08407481759786606,0.22356899082660675,0.2624351829999796
306,0.1016119047999382,0.4374638497829437,0.26933650099999795
307,0.11132883280515671,0.21048806607723236,0.2726474969999799
308,0.1427566111087799,0.24486187100410461,0.26539500299998053
309,0.0697232186794281,0.23478533327579498,0.2609311539999908
310,0.08173588663339615,0.29773423075675964,0.26553839499996457
311,0.08365835249423981,0.3501743674278259,0.26719109499998694
312,0.1215514987707138,0.25269338488578796,0.2711952640000277
313,0.08456578850746155,0.36924779415130615,0.3009736839999846
314,0.09779450297355652,0.4332599341869354,0.26067709900002
315,0.06776018440723419,0.18011881411075592,0.27307400600000165
316,0.08390249311923981,0.2564629316329956,0.2646978849999755
317,0.08029082417488098,0.1700281947851181,0.26744995499996094
318,0.09973644465208054,0.1844458431005478,0.2705432199999791
319,0.08371737599372864,0.39862433075904846,0.26324460500001123
320,0.11460773646831512,0.4816778600215912,0.2634992199999715
321,0.0894746333360672,0.26896366477012634,0.29649994700002935
322,0.07050170004367828,0.24603271484375,0.2858219469999881
323,0.09417130053043365,0.3551825284957886,0.27207651599997007
324,0.1158871054649353,0.1955140084028244,0.2641057839999803
325,0.1029396802186966,0.19391517341136932,0.26297716599998466
326,0.07818934321403503,0.22622688114643097,0.2617541110000161
327,0.06930321455001831,0.19063875079154968,0.2657473440000331
328,0.08739084005355835,0.19724686443805695,0.2581509899999901
329,0.0962061658501625,0.19332316517829895,0.269139306999989
330,0.0825243592262268,0.2216474711894989,0.2549880489999623
331,0.0766737312078476,0.2602185606956482,0.25999906499998815
332,0.07934264838695526,0.14583875238895416,0.26535204000003887
333,0.13540370762348175,0.31362950801849365,0.2783648669999934
334,0.07621575891971588,0.2655867040157318,0.2655659339999943
335,0.0837022140622139,0.3047568202018738,0.2700869399999988
336,0.07428163290023804,0.2804212272167206,0.2648938620000081
337,0.08770518004894257,0.18326185643672943,0.2740818009999657
338,0.07320011407136917,0.25201618671417236,0.2625142310000115
339,0.07104821503162384,0.20907139778137207,0.2656781190000288
340,0.11750037223100662,0.2550596594810486,0.2663541639999494
341,0.07635384798049927,0.2522382140159607,0.2688530170000263
342,0.08079226315021515,0.21413439512252808,0.2715904770000179
343,0.0844116359949112,0.3804978132247925,0.2636375720000501
344,0.0759936198592186,0.323544442653656,0.2584794759999909
345,0.073651023209095,0.2780073881149292,0.2606146859999967
346,0.06557859480381012,0.1779811531305313,0.2711108960000388
347,0.0870380699634552,0.4333743751049042,0.2608708989999968
348,0.06528555601835251,0.20253321528434753,0.2748991250000472
349,0.08018189668655396,0.29090553522109985,0.2901434109999741
350,0.10035824775695801,0.1671985685825348,0.2731716320000146
351,0.061146076768636703,0.15427802503108978,0.26744609899998295
352,0.10067714750766754,0.3720051646232605,0.2668746360000114
353,0.06644539535045624,0.18433237075805664,0.25907652099999723
354,0.07624039053916931,0.26570335030555725,0.2614436009999963
355,0.08633305877447128,0.29260972142219543,0.2685935860000086
356,0.0699535459280014,0.2808963358402252,0.2654493750000029
357,0.07281569391489029,0.25518205761909485,0.26109297700003253
358,0.07371889799833298,0.21902577579021454,0.26256190300000526
359,0.06891435384750366,0.21023070812225342,0.27317818399995986
360,0.06874818354845047,0.2219076156616211,0.2658917609999776
361,0.16101056337356567,0.3459692895412445,0.2634744370000135
362,0.07367418706417084,0.3029617667198181,0.26544361100002334
363,0.06276723742485046,0.229836568236351,0.268937563999998
364,0.08630140125751495,0.15280933678150177,0.27199544899997363
365,0.07166151702404022,0.2501257658004761,0.26596361700001125
366,0.059132203459739685,0.16030356287956238,0.28444644699999344
367,0.06986777484416962,0.2735394537448883,0.27953189300001213
368,0.06785526871681213,0.24084116518497467,0.26641309899997623
369,0.0777311772108078,0.1886417269706726,0.26089691499998935
370,0.05969008058309555,0.14835426211357117,0.28248064000001705
371,0.08092782646417618,0.27046439051628113,0.27699736900001426
372,0.08811748027801514,0.1915459930896759,0.27125367100001085
373,0.14384734630584717,0.32141828536987305,0.2873744259999853
374,0.07809069752693176,0.2840721309185028,0.27488217399996984
375,0.06522390991449356,0.2312062382698059,0.27303069499998855
376,0.09043832868337631,0.28519341349601746,0.2595327829999974
377,0.06078144535422325,0.17941689491271973,0.2617449219999912
378,0.13053587079048157,0.29859042167663574,0.2717113079999649
379,0.08576847612857819,0.1804662048816681,0.27616787100004103
380,0.06772378832101822,0.1759987473487854,0.2609981850000054
381,0.07832077890634537,0.22048288583755493,0.26552498000000924
382,0.07917133718729019,0.33592483401298523,0.2615854459999696
383,0.06232461333274841,0.16625364124774933,0.2581791719999842
384,0.06439977884292603,0.20433279871940613,0.2593760549999615
385,0.1120370477437973,0.24744991958141327,0.2610655489999658
386,0.06483517587184906,0.20334476232528687,0.2790757909999684
387,0.07995527982711792,0.15301631391048431,0.2560943400000042
388,0.08670687675476074,0.15938737988471985,0.2585445180000079
389,0.08349757641553879,0.16376778483390808,0.2600333080000041
390,0.0861784964799881,0.17477338016033173,0.25836255199999414
391,0.06471794098615646,0.19272607564926147,0.26426231399995004
392,0.09667134284973145,0.16258743405342102,0.26774887900000977
393,0.10393931716680527,0.16984504461288452,0.2683879290000277
394,0.06792481243610382,0.18998323380947113,0.2658602000000201
395,0.06512481719255447,0.23769511282444,0.27760952099998804
396,0.06628396362066269,0.2335549294948578,0.26263447600001655
397,0.06491813063621521,0.24001891911029816,0.2852148779999766
398,0.05923669785261154,0.1815522015094757,0.2642700019999893
399,0.058220066130161285,0.16633102297782898,0.2595046350000416
400,0.10939334332942963,0.2657051682472229,0.2801742519999948
401,0.05705665051937103,0.11976544559001923,0.26617025999996713
402,0.06055846065282822,0.22443225979804993,0.26744316000002755
403,0.06981424242258072,0.14069868624210358,0.2604025919999913
404,0.05763298273086548,0.1727212369441986,0.2634660880000297
405,0.08957477658987045,0.33200976252555847,0.2539882490000309
406,0.10815946012735367,0.23435735702514648,0.2608636329999854
407,0.06113605201244354,0.1454564481973648,0.2609534900000199
408,0.09435642510652542,0.18339687585830688,0.26540766099998336
409,0.09440625458955765,0.23348650336265564,0.2611257149999915
410,0.10581562668085098,0.25921234488487244,0.25653065000000197
411,0.0736566036939621,0.1838674247264862,0.2658114709999495
412,0.05889525264501572,0.17464189231395721,0.2655820869999843
413,0.12555059790611267,0.2180061787366867,0.2591172619999611
414,0.07034943252801895,0.10683025419712067,0.25956358699994553
415,0.0645684152841568,0.21384845674037933,0.2621882519999872
416,0.05886474624276161,0.12867407500743866,0.25659838899997567
417,0.06036309152841568,0.16896295547485352,0.2601435649999644
418,0.08341660350561142,0.131098210811615,0.2518203999999855
419,0.12767493724822998,0.2929780185222626,0.26234337700003607
420,0.06819118559360504,0.2849668860435486,0.25768026299999747
421,0.09810996055603027,0.27621540427207947,0.2653072520000137
422,0.0742279589176178,0.31910866498947144,0.2720552970000085
423,0.06569088995456696,0.20197920501232147,0.26168649900000673
424,0.06444689631462097,0.12556469440460205,0.29543840799999543
425,0.09291136264801025,0.19974780082702637,0.27626878699999224
426,0.10920046269893646,0.20483353734016418,0.2597298329999944
427,0.08356701582670212,0.16540852189064026,0.2558510889999752
428,0.14544454216957092,0.3386401832103729,0.2655012520000355
429,0.08789782971143723,0.16342765092849731,0.25699045999999726
430,0.08612313866615295,0.2643219828605652,0.26795090000001665
431,0.06642477214336395,0.14704515039920807,0.26578775100000485
432,0.07775923609733582,0.1215931847691536,0.263087798000015
433,0.06863729655742645,0.25013017654418945,0.2610274350000168
434,0.09098197519779205,0.22696755826473236,0.26348256099998935
435,0.12408599257469177,0.22052539885044098,0.28521341600003325
436,0.06447509676218033,0.21388979256153107,0.26228262899996935
437,0.07006336748600006,0.16163009405136108,0.259130013999993
438,0.07110738754272461,0.24672652781009674,0.25822217299997874
439,0.05556543916463852,0.08421000093221664,0.27358602700002166
440,0.16287750005722046,0.37955406308174133,0.26239758399998436
441,0.06246502324938774,0.1358342319726944,0.2562446729999692
442,0.07362096756696701,0.17972597479820251,0.26137426000002506
443,0.07263316214084625,0.10666409134864807,0.25854600599996047
444,0.30102455615997314,0.8989400267601013,0.25634388500003524
445,0.057191044092178345,0.13022461533546448,0.2623317509999765
446,0.10381341725587845,0.15299402177333832,0.2598931690000086
447,0.05986162647604942,0.11424419283866882,0.2578152600000294
448,0.07186716049909592,0.19265048205852509,0.2610601800000154
449,0.06209215521812439,0.2087283879518509,0.2576896430000488
450,0.08371584117412567,0.31833553314208984,0.26203345700002956
451,0.061852797865867615,0.20529671013355255,0.26088305199999695
452,0.05746539682149887,0.180638387799263,0.2670922040000505
453,0.05692270025610924,0.15787231922149658,0.2635498040000357
454,0.10442700982093811,0.2920471131801605,0.2615964020000092
455,0.06145486235618591,0.15080133080482483,0.25869634700001143
456,0.06355278193950653,0.27768856287002563,0.2636220969999954
457,0.0590544119477272,0.11089068651199341,0.2623037189999877
458,0.07834736257791519,0.3631129562854767,0.2606872860000067
459,0.05907103419303894,0.11308026313781738,0.26092556200001127
460,0.06517618894577026,0.1307862251996994,0.2655684899999642
461,0.06479093432426453,0.1951930969953537,0.2931589490000306
462,0.057362526655197144,0.16130666434764862,0.26011733100000356
463,0.06471304595470428,0.18088792264461517,0.2640065159999949
464,0.05775771662592888,0.15946385264396667,0.2628156719999879
465,0.054577745497226715,0.16258355975151062,0.2678866559999733
466,0.14194375276565552,0.36691704392433167,0.2571825499999818
467,0.058108799159526825,0.16873633861541748,0.2586316250000209
468,0.09433906525373459,0.2727929651737213,0.2584364450000294
469,0.1427093744277954,0.3864372968673706,0.26330074699995976
470,0.06182888150215149,0.23144666850566864,0.2590149719999886
471,0.07430915534496307,0.17966687679290771,0.27174198099999103
472,0.061387814581394196,0.2207091599702835,0.26675403400003006
473,0.06141053885221481,0.14663603901863098,0.2633709700000395
474,0.06684670597314835,0.1814439743757248,0.25845100800000864
475,0.08476869761943817,0.1777946949005127,0.2600304979999919
476,0.056091923266649246,0.11671610921621323,0.26384486500001003
477,0.10092775523662567,0.21794599294662476,0.260231387000033
478,0.054744694381952286,0.1691228449344635,0.25325930100001415
479,0.05582205206155777,0.08746564388275146,0.25560789299998987
480,0.05260690301656723,0.08244343101978302,0.26585919600000807
481,0.06809963285923004,0.21605248749256134,0.26127872600000046
482,0.05549591779708862,0.135126531124115,0.25807066300001225
483,0.05915950983762741,0.18655407428741455,0.265053671999965
484,0.062357619404792786,0.12878987193107605,0.26582324600002494
485,0.059869714081287384,0.14180898666381836,0.266576036999993
486,0.08665794879198074,0.18556687235832214,0.2585033259999818
487,0.06871529668569565,0.2065453976392746,0.2710472439999876
488,0.06750431656837463,0.21470054984092712,0.2738520710000216
489,0.07889702916145325,0.1084950864315033,0.26241834400002517
490,0.07738171517848969,0.27108320593833923,0.2608530560000304
491,0.055524736642837524,0.10050636529922485,0.2655684009999959
492,0.06924562156200409,0.1362634301185608,0.26312099599999783
493,0.07104555517435074,0.13888424634933472,0.2548701250000249
494,0.0741158202290535,0.3288015127182007,0.2622804900000233
495,0.05854620784521103,0.14037169516086578,0.25474198199998455
496,0.058077193796634674,0.25148096680641174,0.26329637500003855
497,0.05825544148683548,0.13692060112953186,0.2780091660000039
498,0.06069037690758705,0.12757107615470886,0.2880205469999737
499,0.054104000329971313,0.1784655600786209,0.28641226500002404
500,0.054226312786340714,0.1505393385887146,0.26308020999999826
501,0.057481784373521805,0.16022171080112457,0.27115819499999816
502,0.05619904398918152,0.20478485524654388,0.25989386300000206
503,0.11082194745540619,0.43583032488822937,0.2824516279999898
504,0.06252498924732208,0.09365049004554749,0.2730533330000071
505,0.05127697438001633,0.10118040442466736,0.2786754809999934
506,0.066673643887043,0.12028644233942032,0.2631322299999965
507,0.06547051668167114,0.25914230942726135,0.2696697149999636
508,0.06425591558218002,0.28805485367774963,0.2593426789999853
509,0.07942347228527069,0.3156154453754425,0.26578287600000294
510,0.0672500729560852,0.16417400538921356,0.2612520429999563
511,0.05352640151977539,0.13418550789356232,0.2657610800000043
512,0.052961163222789764,0.15740180015563965,0.2625623110000106
513,0.0691082626581192,0.18642881512641907,0.2650741029999608
514,0.12334838509559631,0.24889318645000458,0.2621812929999692
515,0.12983004748821259,0.3505003750324249,0.27152417400003515
516,0.055911436676979065,0.15862204134464264,0.2605481680000139
517,0.06232883036136627,0.14952614903450012,0.2613615289999984
518,0.05488050729036331,0.08485325425863266,0.2642352619999997
519,0.0642152726650238,0.26239386200904846,0.27437656099999685
520,0.05120311304926872,0.08323966711759567,0.2771541049999655
521,0.05731453001499176,0.12125643342733383,0.2827229520000287
522,0.07611848413944244,0.19262753427028656,0.28554932100001906
523,0.11855296790599823,0.3010105490684509,0.28126086299999997
524,0.060001932084560394,0.14649057388305664,0.2801318830000241
525,0.07595409452915192,0.1664631962776184,0.2696170350000102
526,0.06658796221017838,0.11319271475076675,0.2692960219999918
527,0.10313107073307037,0.2814561128616333,0.26989765100000795
528,0.11880259215831757,0.24653664231300354,0.26711453699999765
529,0.0687754675745964,0.17815779149532318,0.26489928300003385
530,0.08589516580104828,0.3087158799171448,0.26058822100003454
531,0.05893295258283615,0.17053043842315674,0.26616882400003306
532,0.059070587158203125,0.09120151400566101,0.29543522899996333
533,0.08179427683353424,0.20697927474975586,0.2777135580000163
534,0.08114752918481827,0.16997139155864716,0.265423348000013
535,0.06349610537290573,0.24670736491680145,0.2599855880000064
536,0.06220638006925583,0.1375645101070404,0.2612844689999747
537,0.05858097970485687,0.13626378774642944,0.27467800900001293
538,0.050768572837114334,0.06816070526838303,0.2647843129999501
539,0.05786198750138283,0.16651614010334015,0.2636641359999885
540,0.05732419714331627,0.0853419229388237,0.26683357000001706
541,0.058092739433050156,0.09277753531932831,0.260880066000027
542,0.07155569642782211,0.09099794179201126,0.2659171060000176
543,0.061890967190265656,0.11282822489738464,0.2638217589999954
544,0.11582621932029724,0.38875243067741394,0.2671426670000301
545,0.059101611375808716,0.15626473724842072,0.2641399660000161
546,0.05961849167943001,0.09095636755228043,0.2714437149999753
547,0.056202232837677,0.0980447307229042,0.2577819130000307
548,0.0611785352230072,0.1595512479543686,0.26575843199998417
549,0.07816792279481888,0.15066400170326233,0.26804054699999824
550,0.05877595394849777,0.14665749669075012,0.2714878059999819
551,0.07865794748067856,0.35199403762817383,0.26286516099997925
552,0.10459505021572113,0.31674841046333313,0.2609230209999964
553,0.0647362694144249,0.16765564680099487,0.26258094600001414
554,0.1759999841451645,0.45106759667396545,0.25980881899999986
555,0.059200551360845566,0.21144987642765045,0.26249429000000646
556,0.15168780088424683,0.3981204032897949,0.26446890900001563
557,0.06090906262397766,0.1675613820552826,0.260526370999969
558,0.06521806865930557,0.13944365084171295,0.27934886700001016
559,0.07573933154344559,0.12624652683734894,0.27347666299999673
560,0.06398965418338776,0.17267253994941711,0.2763630839999678
561,0.06768762320280075,0.10989394038915634,0.26559157499997355
562,0.07127057015895844,0.14856944978237152,0.2592204259999562
563,0.05471576750278473,0.11019932478666306,0.277322713999979
564,0.1493988037109375,0.3572368919849396,0.26315976699999055
565,0.056157637387514114,0.12907356023788452,0.2598750740000355
566,0.05685430020093918,0.11571144312620163,0.26081385399999135
567,0.06284067779779434,0.13878865540027618,0.2617459800000006
568,0.0674339011311531,0.16632483899593353,0.2732663070000285
569,0.05185956880450249,0.10101452469825745,0.29204377899998235
570,0.06787142157554626,0.12182383984327316,0.2738167779999685
571,0.056313104927539825,0.21907880902290344,0.2672577060000094
572,0.05357377231121063,0.10007931292057037,0.2707644629999777
573,0.06948336213827133,0.10224013030529022,0.26521133399995733
574,0.06545073539018631,0.19196800887584686,0.2682295240000485
575,0.06179143488407135,0.22281745076179504,0.2679040330000362
576,0.058178193867206573,0.14480388164520264,0.2732676609999771
577,0.053304523229599,0.1037648469209671,0.263063982999995
578,0.058801326900720596,0.07966767996549606,0.25743220900000097
579,0.05682412162423134,0.09197822213172913,0.2534215340000401
580,0.05394674092531204,0.1391175389289856,0.25242424999999
581,0.05031566321849823,0.06992752850055695,0.2701555020000228
582,0.06264567375183105,0.07166037708520889,0.2645483119999881
583,0.054105158895254135,0.14354224503040314,0.2601111789999777
584,0.11774130165576935,0.25245344638824463,0.2558193869999741
585,0.05308832228183746,0.06533396244049072,0.2695962120000104
586,0.09926483035087585,0.26988208293914795,0.2615403329999708
587,0.07193297147750854,0.31332045793533325,0.2636105110000244
588,0.06429117918014526,0.09768504649400711,0.26726157500002046
589,0.08918584883213043,0.28219345211982727,0.2660037630000147
590,0.047916337847709656,0.05446788668632507,0.2575440319999984
591,0.11520041525363922,0.2512190341949463,0.2651003050000327
592,0.05689302831888199,0.09179755300283432,0.26294822500000237
593,0.12665057182312012,0.2524791657924652,0.27988173199997846
594,0.08470435440540314,0.2200007140636444,0.2725839199999882
595,0.05321887135505676,0.06673519313335419,0.26247879300001387
596,0.07779061794281006,0.17370758950710297,0.26304976300002636
597,0.058809585869312286,0.16809821128845215,0.2730334969999717
598,0.05498119071125984,0.16773681342601776,0.2668897730000026
599,0.05196376144886017,0.06215410679578781,0.26796508500001437
600,0.056683555245399475,0.09869508445262909,0.2608023880000019
601,0.1157945990562439,0.40225276350975037,0.26474138599996877
602,0.051988691091537476,0.10984507203102112,0.2652816570000027
603,0.051717668771743774,0.06946421414613724,0.25929828800002497
604,0.06494594365358353,0.18712705373764038,0.2609361519999993
605,0.09587551653385162,0.2780618965625763,0.26479095900003813
606,0.1369762122631073,0.28783658146858215,0.282418301000007
607,0.062038879841566086,0.07802148163318634,0.2707350900000165
608,0.04948313534259796,0.058965250849723816,0.259009103999972
609,0.04974832013249397,0.08226164430379868,0.26656872899997097
610,0.07587655633687973,0.12158738821744919,0.2646939059999909
611,0.05476672202348709,0.23033484816551208,0.2693393099999639
612,0.062034111469984055,0.25912997126579285,0.26507505699999
613,0.07445433735847473,0.13514824211597443,0.268982254999969
614,0.05631057173013687,0.11439894139766693,0.2633810940000103
615,0.0693257600069046,0.06401997804641724,0.2883269959999666
616,0.06804797053337097,0.18267694115638733,0.2723981899999899
617,0.05819319188594818,0.07701784372329712,0.274305695999999
618,0.0719209760427475,0.2021973431110382,0.2689877939999974
619,0.07693812996149063,0.177000030875206,0.26280148299997563
620,0.06763476133346558,0.1812673658132553,0.26294532399998616
621,0.12449586391448975,0.31848835945129395,0.26825843699998586
622,0.06272998452186584,0.14185239374637604,0.27219177800003536
623,0.05503378063440323,0.09863542020320892,0.2655416639999544
624,0.08066008985042572,0.2814360558986664,0.2688648669999907
625,0.0521092489361763,0.08560815453529358,0.2594202710000104
626,0.05354496091604233,0.13386474549770355,0.27055368000003455
627,0.06901754438877106,0.2769075334072113,0.26427273600000944
628,0.06036751717329025,0.10211723297834396,0.26084459000003335
629,0.055651307106018066,0.19416972994804382,0.2632029179999904
630,0.06241695582866669,0.1908770650625229,0.5269530340000301
631,0.05290846526622772,0.17040397226810455,0.26263278099997933
632,0.05592479556798935,0.11405408382415771,0.2667488920000096
633,0.050900839269161224,0.10934586077928543,0.2633959290000121
634,0.08232051879167557,0.31669580936431885,0.2650166260000333
635,0.06383717060089111,0.20047737658023834,0.2637186540000016
636,0.15151825547218323,0.3720458149909973,0.2657620429999952
637,0.09549050778150558,0.15413251519203186,0.264295092999987
638,0.0568256750702858,0.11474806070327759,0.2617273409999825
639,0.07790322601795197,0.12171688675880432,0.2590515399999731
640,0.14368367195129395,0.38556361198425293,0.26409633200000826
641,0.04853934794664383,0.07355789095163345,0.26048405400001684
642,0.06527169793844223,0.25488123297691345,0.27683518200001345
643,0.08790276199579239,0.15407834947109222,0.2672016020000001
644,0.050916098058223724,0.11152882128953934,0.27073411800000713
645,0.06558458507061005,0.13687416911125183,0.26820318799997267
646,0.04803130030632019,0.0494152307510376,0.2619452449999926
647,0.056678514927625656,0.12900860607624054,0.2551611079999816
648,0.05969325080513954,0.23591619729995728,0.25836019500002294
649,0.08288797736167908,0.13380615413188934,0.26943178299995907
650,0.07467896491289139,0.2217606008052826,0.2577756389999877
651,0.05193376541137695,0.1310858279466629,0.2714531080000029
652,0.15272344648838043,0.6073170900344849,0.2618037110000273
653,0.054237402975559235,0.12724199891090393,0.2580585679999672
654,0.05358051508665085,0.19107133150100708,0.2893200070000148
655,0.09612452983856201,0.27466103434562683,0.27892787899997984
656,0.061374831944704056,0.20398710668087006,0.279026980000026
657,0.06732363998889923,0.1539427787065506,0.2603320840000265
658,0.16558222472667694,0.5427639484405518,0.2584717710000177
659,0.05311612784862518,0.12388911843299866,0.2685634630000209
660,0.0689491331577301,0.21481411159038544,0.2590109789999815
661,0.0647854208946228,0.13039986789226532,0.2578917270000147
662,0.05659828335046768,0.14168724417686462,0.25924506699999483
663,0.05905219912528992,0.20912547409534454,0.26775826100003997
664,0.12639105319976807,0.23317250609397888,0.2659757989999889
665,0.05120255798101425,0.14686933159828186,0.2648763690000351
666,0.05201464146375656,0.13432838022708893,0.2635444000000007
667,0.10026884078979492,0.1984582245349884,0.2623215379999806
668,0.05320730805397034,0.09497211873531342,0.2581427860000076
669,0.1366889476776123,0.3089509904384613,0.25988473699999304
670,0.06446889787912369,0.2555457651615143,0.2700216260000161
671,0.05527690798044205,0.10960036516189575,0.2651473420000343
672,0.06746053695678711,0.15245507657527924,0.2633447079999769
673,0.2004481703042984,0.7281550168991089,0.26284763300003533
674,0.05641527473926544,0.15248456597328186,0.26189907899998843
675,0.06235801428556442,0.2388376146554947,0.2657681279999906
676,0.060970738530159,0.2795105576515198,0.26116790800000445
677,0.052788928151130676,0.09285133332014084,0.26118987400002425
678,0.054792389273643494,0.13471676409244537,0.27283074799998985
679,0.06239686906337738,0.21496860682964325,0.2713970789999962
680,0.09915897995233536,0.1432226002216339,0.2732122059999824
681,0.06578341871500015,0.16289493441581726,0.2772435709999854
682,0.051297158002853394,0.10401725023984909,0.2678206279999813
683,0.1586652547121048,0.26803892850875854,0.27480742099999134
684,0.05763550102710724,0.18843165040016174,0.26498887899998635
685,0.05178152024745941,0.11343896389007568,0.27384641700001566
686,0.05554601550102234,0.1820833683013916,0.2589687449999474
687,0.05643048137426376,0.0882352963089943,0.2609238989999767
688,0.06375636160373688,0.0833331048488617,0.26887253899997177
689,0.11199251562356949,0.2543409466743469,0.267867281000008
690,0.057177431881427765,0.17708538472652435,0.270136094999998
691,0.07041117548942566,0.2685796618461609,0.2590524110000274
692,0.057288579642772675,0.14605098962783813,0.2614279609999812
693,0.06455454230308533,0.2532786428928375,0.2779651289999947
694,0.09249603003263474,0.16682958602905273,0.2675501339999755
695,0.07204805314540863,0.12758488953113556,0.26963721599997825
696,0.05932497978210449,0.21133065223693848,0.2662893399999575
697,0.058571651577949524,0.15316085517406464,0.2794108130000268
698,0.06594835966825485,0.1670425832271576,0.2805391769999801
699,0.055817991495132446,0.16191884875297546,0.2681555820000199
700,0.07006491720676422,0.21125370264053345,0.2773077559999706
701,0.05008770897984505,0.06645145267248154,0.2653267069999856
702,0.05863930284976959,0.18148238956928253,0.2738249590000237
703,0.05128024145960808,0.12486684322357178,0.2673831100000257
704,0.051882289350032806,0.062362488359212875,0.2797506819999853
705,0.053611330687999725,0.11008210480213165,0.26229554200000393
706,0.07908273488283157,0.19332250952720642,0.26541288600003554
707,0.05542746186256409,0.14900818467140198,0.25595942299997887
708,0.17907625436782837,0.456805020570755,0.26488770200001
709,0.05500483885407448,0.1628241091966629,0.2608847700000183
710,0.07428829371929169,0.16869089007377625,0.25941799299999957
711,0.050606779754161835,0.10669057816267014,0.2612550069999884
712,0.06107374280691147,0.12594400346279144,0.2588605159999702
713,0.06100263446569443,0.1711723655462265,0.25773759099996596
714,0.05476730316877365,0.14186841249465942,0.26804156299999704
715,0.053457409143447876,0.1543819159269333,0.2644699859999946
716,0.05641916021704674,0.225650817155838,0.26141872599998806
717,0.04694753885269165,0.1317562460899353,0.2694104380000226
718,0.050297290086746216,0.0641854852437973,0.2686560570000438
719,0.057968635112047195,0.1514756977558136,0.2586403290000021
720,0.05541808158159256,0.08018988370895386,0.26207061200000226
721,0.06397362053394318,0.13659566640853882,0.2668537239999864
722,0.070806123316288,0.12507373094558716,0.2718498459999523
723,0.06533202528953552,0.17894472181797028,0.26183327799998324
724,0.04712504893541336,0.1065431758761406,0.2662324110000327
725,0.04940805584192276,0.16475710272789001,0.26769315799998594
726,0.07228997349739075,0.1124863475561142,0.2599731319999705
727,0.0904645323753357,0.14533375203609467,0.25914491700001463
728,0.06982575356960297,0.10465427488088608,0.26961191699996334
729,0.10705460608005524,0.23522596061229706,0.25945110199995725
730,0.07305827736854553,0.1755508929491043,0.2846358210000517
731,0.05255207419395447,0.07883689552545547,0.277602896000019
732,0.0495438426733017,0.09431631863117218,0.26469432100003587
733,0.09111623466014862,0.12542149424552917,0.2668646079999917
734,0.07815060764551163,0.15266472101211548,0.2670208000000116
735,0.052752785384655,0.15994125604629517,0.2610854110000105
736,0.05618559196591377,0.1576712727546692,0.2658816800000068
737,0.07972795516252518,0.18243131041526794,0.26361199999996643
738,0.15833041071891785,0.4393728971481323,0.2770377389999794
739,0.08753420412540436,0.2943645417690277,0.26073714299997164
740,0.07102459669113159,0.19786714017391205,0.2660165450000136
741,0.12784028053283691,0.35619208216667175,0.2766845310000008
742,0.052027370780706406,0.19853197038173676,0.2623209989999964
743,0.07830595970153809,0.16995081305503845,0.26033842399999685
744,0.05185770243406296,0.10789182037115097,0.2610490900000286
745,0.06149649992585182,0.1843484491109848,0.26752747599999793
746,0.052555933594703674,0.15552295744419098,0.2737089190000006
747,0.06059399992227554,0.18971489369869232,0.27394161199998734
748,0.047965507954359055,0.08889929205179214,0.27166470199995274
749,0.061428625136613846,0.21571047604084015,0.2690843080000036
750,0.04889099299907684,0.05311345309019089,0.2570684909999841
751,0.05659690871834755,0.2429654896259308,0.29153452600002083
752,0.05193527787923813,0.16912846267223358,0.2656395399999951
753,0.05251716077327728,0.10405288636684418,0.2624480879999851
754,0.0475211963057518,0.06887967139482498,0.26835417000000916
755,0.05389857292175293,0.15680591762065887,0.262939719999963
756,0.05759252607822418,0.12710043787956238,0.26802222300000267
757,0.05442402884364128,0.21224330365657806,0.2630478089999997
758,0.0594005286693573,0.08402828872203827,0.2696433190000107
759,0.04780200868844986,0.144870787858963,0.26454143500001237
760,0.060032881796360016,0.16788828372955322,0.2707616989999906
761,0.06233524531126022,0.23149217665195465,0.26228695300000027
762,0.05709780752658844,0.08008047193288803,0.26620141000000785
763,0.09642823040485382,0.19735291600227356,0.2688042739999901
764,0.07101414352655411,0.20991601049900055,0.2636382129999788
765,0.054717179387807846,0.05648428201675415,0.2722125940000524
766,0.04946286976337433,0.12119986861944199,0.2773763100000224
767,0.10553361475467682,0.2749578654766083,0.2627193600000055
768,0.04933124780654907,0.12208151072263718,0.27218240899998136
769,0.07158710062503815,0.08666946738958359,0.26903380900000684
770,0.08130515366792679,0.2083185911178589,0.25958802799999603
771,0.07912206649780273,0.09117262065410614,0.26240145799999937
772,0.11973091959953308,0.24932698905467987,0.28686150900000484
773,0.07998916506767273,0.09637267887592316,0.286519783000017
774,0.10277841240167618,0.15348011255264282,0.28489940299999716
775,0.08671057224273682,0.313568651676178,0.2865056759999902
776,0.05244244262576103,0.17098894715309143,0.26967179299998634
777,0.05889120697975159,0.15110079944133759,0.2606964920000223
778,0.0729338601231575,0.12667325139045715,0.2661115370000289
779,0.07913097739219666,0.09086444228887558,0.26812121800003297
780,0.08176004141569138,0.2048635184764862,0.26116628300002276
781,0.05102205649018288,0.0645580142736435,0.26546089900000425
782,0.08390337228775024,0.18995670974254608,0.2651167679999844
783,0.06680551171302795,0.10385631024837494,0.26711250299996436
784,0.051882367581129074,0.11502562463283539,0.2653368500000397
785,0.04969825595617294,0.09916482865810394,0.2636049939999907
786,0.050109926611185074,0.06656324118375778,0.26313214599997536
787,0.09389404952526093,0.13670377433300018,0.2716817170000354
788,0.0636449083685875,0.060455501079559326,0.2650642689999927
789,0.05714119225740433,0.1405762881040573,0.26842361599995
790,0.05830233916640282,0.21719807386398315,0.25855852400002277
791,0.07162401080131531,0.14789868891239166,0.265005460999987
792,0.047941043972969055,0.10307330638170242,0.2569589189999988
793,0.05552826449275017,0.1194286197423935,0.26707890099999076
794,0.07128129154443741,0.21141867339611053,0.2632914779999851
795,0.05086647346615791,0.13885653018951416,0.2606095660000278
796,0.1353793889284134,0.2565814256668091,0.26935762800002294
797,0.06278226524591446,0.24908922612667084,0.2662476849999962
798,0.09561094641685486,0.21732215583324432,0.2603981850000423
799,0.07568598538637161,0.11920162290334702,0.26163546799995174
800,0.04921330511569977,0.12556034326553345,0.2610070309999628
801,0.05450179800391197,0.07546166330575943,0.26539559199994756
802,0.04806961864233017,0.11347119510173798,0.26437306299999364
803,0.08509804308414459,0.22446608543395996,0.2609733849999998
804,0.12436524033546448,0.2773721218109131,0.26597630599997046
805,0.0598011240363121,0.13442592322826385,0.2582300919999625
806,0.07411078363656998,0.15394960343837738,0.2655110179999838
807,0.07014487683773041,0.09645123034715652,0.2600601080000047
808,0.05454612895846367,0.1716671884059906,0.26620745000002444
809,0.04942954331636429,0.09188327193260193,0.26174175800002786
810,0.07625678181648254,0.25941282510757446,0.2680911270000479
811,0.07418970763683319,0.16134332120418549,0.25720208100000264
812,0.048409268260002136,0.08481457829475403,0.260989004999999
813,0.07006362080574036,0.23819150030612946,0.26572947800002567
814,0.07207052409648895,0.11938124895095825,0.26165343700000676
815,0.04725072532892227,0.0832984521985054,0.2643061899999566
816,0.05237448588013649,0.1362200826406479,0.2609820519999744
817,0.05317620187997818,0.1383347064256668,0.268116702000043
818,0.10331854224205017,0.1683160811662674,0.26626015199997255
819,0.10123726725578308,0.19157128036022186,0.2667519670000047
820,0.04934699833393097,0.14248836040496826,0.25949097900002016
821,0.07713824510574341,0.18473953008651733,0.26070022300001483
822,0.046145930886268616,0.06435292214155197,0.26203900600000907
823,0.05413097143173218,0.1772797703742981,0.25545283299999255
824,0.050005555152893066,0.08217331022024155,0.26656508500002474
825,0.2284429371356964,0.7202273607254028,0.3007248150000237
826,0.050149496644735336,0.15713800489902496,0.2607698069999742
827,0.07756028324365616,0.22716346383094788,0.27892106900003455
828,0.07273351401090622,0.25338295102119446,0.26467480299999124
829,0.052053630352020264,0.10092492401599884,0.27294153799999776
830,0.11311592906713486,0.27673688530921936,0.26616846999996824
831,0.06421136856079102,0.08750621974468231,0.25729273500002137
832,0.04920466989278793,0.09829063713550568,0.26508908699997846
833,0.04911274090409279,0.05197468027472496,0.2583577949999949
834,0.059946879744529724,0.14294448494911194,0.26299246700000367
835,0.054578639566898346,0.14766725897789001,0.26175772600004166
836,0.050400495529174805,0.10225802659988403,0.26164382599995406
837,0.062288276851177216,0.15969951450824738,0.27078913299999385
838,0.06075459346175194,0.1706637740135193,0.2585850009999717
839,0.059885237365961075,0.20752950012683868,0.2521126420000428
840,0.07036035507917404,0.17399908602237701,0.261513487000002
841,0.04871201887726784,0.10100702941417694,0.2670333000000369
842,0.052066951990127563,0.16662544012069702,0.2607427710000252
843,0.08101140707731247,0.1354658156633377,0.2605310609999947
844,0.05383533239364624,0.06455450505018234,0.26366541999999527
845,0.07264424860477448,0.09161578118801117,0.26580877499998223
846,0.04989233613014221,0.10880299657583237,0.2615790350000111
847,0.046803299337625504,0.11466113477945328,0.2537382309999998
848,0.05292130261659622,0.10777561366558075,0.2604744559999972
849,0.05140683799982071,0.10568788647651672,0.26271181499998875
850,0.051600877195596695,0.10862670093774796,0.2527095880000161
851,0.05818428099155426,0.1986858993768692,0.25693647999997893
852,0.07065846025943756,0.12618529796600342,0.26230321200000617
853,0.05721437931060791,0.07043787091970444,0.265655823999964
854,0.04765298217535019,0.13333649933338165,0.25853203799999847
855,0.04858796298503876,0.1206047460436821,0.2746596920000002
856,0.05144449695944786,0.15638087689876556,0.2648652709999624
857,0.04784919694066048,0.10260426998138428,0.26960797700002104
858,0.06097222864627838,0.11399435251951218,0.264979143000005
859,0.07334063947200775,0.17634271085262299,0.26253571699999156
860,0.04785864055156708,0.15590442717075348,0.26789033800002926
861,0.05259818583726883,0.10772950947284698,0.2712900829999967
862,0.053174979984760284,0.17438477277755737,0.28271863200001235
863,0.056693412363529205,0.10598983615636826,0.2649150359999908
864,0.0578911192715168,0.09391911327838898,0.26270797699999093
865,0.049291547387838364,0.11075214296579361,0.2686466250000308
866,0.051916640251874924,0.23073163628578186,0.2668357250000213
867,0.06100502610206604,0.09822021424770355,0.26918880199997375
868,0.05472210794687271,0.1086130142211914,0.2590128390000359
869,0.05571158975362778,0.17754843831062317,0.2591436049999629
870,0.05578252673149109,0.19468624889850616,0.2683295899999507
871,0.04798728972673416,0.11246439814567566,0.2667563190000237
872,0.061230190098285675,0.1374763548374176,0.26486004800000273
873,0.052036985754966736,0.05351059511303902,0.26248895899999525
874,0.058418016880750656,0.2664163112640381,0.2643326639999941
875,0.21130208671092987,0.6166961789131165,0.266811252000025
876,0.04865869879722595,0.14161328971385956,0.2583258039999805
877,0.13321252167224884,0.3143137991428375,0.2622473089999744
878,0.04671818017959595,0.06274682283401489,0.2598672430000306
879,0.049309805035591125,0.06220852583646774,0.2595424909999906
880,0.09800995886325836,0.22911015152931213,0.2607010849999938
881,0.05579637363553047,0.11125782132148743,0.2638166209999895
882,0.06906077265739441,0.13958999514579773,0.2726573180000287
883,0.10147761553525925,0.2807559370994568,0.25607998999998927
884,0.05057509243488312,0.11629469692707062,0.2639602699999841
885,0.25739264488220215,0.7130888104438782,0.26672774600001503
886,0.06008533388376236,0.14300891757011414,0.2614796959999808
887,0.06583769619464874,0.24613051116466522,0.26586684399995875
888,0.062446027994155884,0.12202724814414978,0.26796128000000863
889,0.1260758936405182,0.26434633135795593,0.2596677829999976
890,0.06980421394109726,0.13527439534664154,0.2670637379999903
891,0.10089166462421417,0.27007636427879333,0.26202599300000884
892,0.06404264271259308,0.1282530426979065,0.2609411820000105
893,0.05001988261938095,0.07954992353916168,0.2639774880000232
894,0.057537876069545746,0.18816474080085754,0.26949939599995787
895,0.06691599637269974,0.12521569430828094,0.26540063400000236
896,0.07715194672346115,0.12038058042526245,0.2609278059999838
897,0.14467230439186096,0.2839946150779724,0.2665069980000112
898,0.05512575805187225,0.2000156193971634,0.2708196170000292
899,0.06601792573928833,0.24353203177452087,0.26845810800000436
900,0.05714217573404312,0.1330421417951584,0.28197344500000554
901,0.052561238408088684,0.15986815094947815,0.2645633230000044
902,0.05035731941461563,0.10734102129936218,0.26334522399997695
903,0.07850106060504913,0.1655472218990326,0.2577461440000093
904,0.07894930243492126,0.3337840735912323,0.2654766679999625
905,0.054120227694511414,0.07634541392326355,0.2601495239999849
906,0.05600580945611,0.0693684071302414,0.2673385450000296
907,0.046452589333057404,0.10443606972694397,0.26347629000002826
908,0.05163203552365303,0.057104818522930145,0.26501281299999846
909,0.04673131927847862,0.07039856910705566,0.27007722500002274
910,0.06916822493076324,0.20368047058582306,0.2583877889999826
911,0.052398815751075745,0.12105391174554825,0.2590093750000051
912,0.052025407552719116,0.11678369343280792,0.2661927689999857
913,0.06349504739046097,0.07179206609725952,0.27186590999997406
914,0.050578657537698746,0.09876769036054611,0.2631943090000277
915,0.04874769598245621,0.14947807788848877,0.2671276020000164
916,0.1780291646718979,0.47104236483573914,0.2596437129999458
917,0.050559498369693756,0.13247984647750854,0.25929116000003205
918,0.08085675537586212,0.10337749868631363,0.2595920050000018
919,0.057693131268024445,0.09605764597654343,0.27167491399995924
920,0.049921564757823944,0.06945403665304184,0.2700964129999761
921,0.09383939206600189,0.16906389594078064,0.26088325799997847
922,0.05326460301876068,0.06668544560670853,0.27379577699997526
923,0.057948075234889984,0.06590098142623901,0.26920370400000593
924,0.0565333366394043,0.16498275101184845,0.2661835950000295
925,0.1919025331735611,0.48989707231521606,0.2638987580000389
926,0.07445837557315826,0.14289750158786774,0.2587257889999819
927,0.0767565667629242,0.1415071040391922,0.2707055230000037
928,0.07986360788345337,0.1428726464509964,0.27565077799999926
929,0.057400234043598175,0.2395954728126526,0.2591859399999521
930,0.0531497448682785,0.08923868089914322,0.27277637999998205
931,0.05390584096312523,0.24023617804050446,0.28284037200000967
932,0.06777328252792358,0.12440595775842667,0.2680798360000267
933,0.05975468456745148,0.15789014101028442,0.25536346399997
934,0.047663748264312744,0.11271575093269348,0.2691558380000174
935,0.0560576394200325,0.09902738034725189,0.28038711199997124
936,0.05477001518011093,0.10616124421358109,0.27338692500001116
937,0.060450952500104904,0.11857497692108154,0.2752756110000405
938,0.11517959088087082,0.2581375241279602,0.2694727770000327
939,0.04711606726050377,0.0949908122420311,0.2589508179999598
940,0.05549648031592369,0.15077745914459229,0.2588192669999785
941,0.0567086860537529,0.1443127542734146,0.26300321900004064
942,0.04889783635735512,0.13327078521251678,0.26563657899998816
943,0.07813890278339386,0.2776816487312317,0.26722811199999796
944,0.04731155186891556,0.0536973662674427,0.2650882190000061
945,0.04798056185245514,0.10813820362091064,0.270323698000027
946,0.04796304553747177,0.04951942712068558,0.2643613920000121
947,0.045293089002370834,0.0731172114610672,0.2674839790000192
948,0.05138090252876282,0.11179155856370926,0.26680699100000993
949,0.06914937496185303,0.1274791806936264,0.2612901480000005
950,0.11043145507574081,0.2212090939283371,0.26049475800004984
951,0.05633419752120972,0.11610182374715805,0.2576554089999945
952,0.07160662859678268,0.10684018582105637,0.2624086069999976
953,0.05578814446926117,0.251409113407135,0.2657063879999555
954,0.07443302869796753,0.22431020438671112,0.2638193569999885
955,0.06640559434890747,0.12015293538570404,0.2691357830000243
956,0.05112624168395996,0.1155010387301445,0.266423551999992
957,0.04795268177986145,0.0906665250658989,0.2694289809999759
958,0.16992397606372833,0.3819573223590851,0.26269693000000416
959,0.04946419224143028,0.13641810417175293,0.25895036899999013
960,0.05592574179172516,0.06959382444620132,0.26089009000003216
961,0.05391259491443634,0.19586442410945892,0.2609125669999912
962,0.05337675288319588,0.08023566007614136,0.26197441900001195
963,0.10392248630523682,0.2205323725938797,0.25913588199995274
964,0.07375717908143997,0.09540780633687973,0.2680354849999844
965,0.05531076341867447,0.08510731905698776,0.28032909500001324
966,0.04904475808143616,0.13198289275169373,0.28301763500002153
967,0.07857223600149155,0.19038139283657074,0.26812216499996566
968,0.0709465891122818,0.20353613793849945,0.28158025099997985
969,0.053070664405822754,0.11260826885700226,0.27695978600002036
970,0.053085602819919586,0.05801590532064438,0.262634930000047
971,0.0481497198343277,0.059495314955711365,0.26655535499997995
972,0.0474180206656456,0.11128982156515121,0.26812446500002807
973,0.10416674613952637,0.25495466589927673,0.2660976149999783
974,0.05404770001769066,0.09593541920185089,0.2695450429999937
975,0.053160570561885834,0.16467949748039246,0.2650776479999877
976,0.05757569521665573,0.08651864528656006,0.2678515910000101
977,0.052076876163482666,0.15416941046714783,0.2622490340000354
978,0.08064907789230347,0.3080197274684906,0.2744171139999594
979,0.055087052285671234,0.09590892493724823,0.26755454499999587
980,0.05008221045136452,0.07443396747112274,0.2714200849999884
981,0.047276854515075684,0.06650859117507935,0.26917927499999905
982,0.054518915712833405,0.09688882529735565,0.26105231600001844
983,0.04836452007293701,0.11761409044265747,0.2676080089999573
984,0.12000446021556854,0.22723808884620667,0.27010857899995244
985,0.051069118082523346,0.1578460931777954,0.270738405999964
986,0.05587884038686752,0.15488369762897491,0.27038511300003165
987,0.21195325255393982,0.4959258437156677,0.2654297359999873
988,0.055740393698215485,0.12441083043813705,0.2617943930000024
989,0.08149188756942749,0.2531832158565521,0.29605733800002554
990,0.0521223321557045,0.122796930372715,0.29050473899997087
991,0.0509481355547905,0.19130010902881622,0.29074867500003165
992,0.06430289894342422,0.23790356516838074,0.2630646409999713
993,0.05432281270623207,0.08200660347938538,0.26997704000001477
994,0.06606044620275497,0.13159523904323578,0.2748168690000057
995,0.06211789697408676,0.23500479757785797,0.27649749400001156
996,0.05575487017631531,0.2675487697124481,0.2576769990000116
997,0.054896317422389984,0.20849591493606567,0.26675543200002494
998,0.04468098282814026,0.10088106244802475,0.27632227999998804
999,0.08281411975622177,0.1507493555545807,0.2726694309999971
1000,0.052217431366443634,0.25772547721862793,0.26436918000001697
1001,0.11295034736394882,0.2259628027677536,0.2635368819999826
1002,0.055401504039764404,0.08088042587041855,0.26212622799999963
1003,0.04688989743590355,0.09249910712242126,0.2653638790000059
1004,0.05555293709039688,0.12496508657932281,0.25654091900003095
1005,0.04687025398015976,0.17199108004570007,0.2611281669999812
1006,0.05187598615884781,0.15749648213386536,0.2685280910000074
1007,0.04546210914850235,0.09953249245882034,0.2668686380000054
1008,0.0497567355632782,0.16844631731510162,0.25998827699999083
1009,0.06766760349273682,0.22307249903678894,0.26707325799998216
1010,0.1070147231221199,0.22881601750850677,0.2669939939999608
1011,0.04761743173003197,0.08986568450927734,0.2792180689999668
1012,0.06074655428528786,0.14387290179729462,0.26847319500001277
1013,0.0652618557214737,0.26012328267097473,0.27409066799998527
1014,0.048956576734781265,0.06655784696340561,0.26004877200000465
1015,0.056956760585308075,0.2355889230966568,0.2652524279999966
1016,0.04347674548625946,0.04652153700590134,0.2609344729999634
1017,0.04745965823531151,0.16459527611732483,0.2707978139999909
1018,0.11441272497177124,0.3078750669956207,0.2618301779999683
1019,0.08230438083410263,0.15999723970890045,0.27252085500003886
1020,0.056665100157260895,0.05634954571723938,0.29526090899997826
1021,0.057981543242931366,0.08813600987195969,0.28926142900002105
1022,0.05222783237695694,0.07753423601388931,0.2816143180000381
1023,0.05196535214781761,0.17255575954914093,0.2844960120000337
1024,0.04687211662530899,0.10889983922243118,0.2753843909999887
1025,0.05578546226024628,0.17286789417266846,0.2666550580000262
1026,0.04998009651899338,0.18232184648513794,0.26022135400000934
1027,0.059527598321437836,0.09388767182826996,0.2581946049999715
1028,0.06858670711517334,0.11745188385248184,0.26743368699999337
1029,0.058989621698856354,0.0864921510219574,0.2711816329999692
1030,0.10114914178848267,0.22692908346652985,0.26371524600000384
1031,0.08341710269451141,0.09890366345643997,0.26440741799996204
1032,0.05236941576004028,0.06727836281061172,0.2664527790000193
1033,0.04461514949798584,0.06503649055957794,0.27068223400004854
1034,0.06566404551267624,0.19787724316120148,0.2633471950000512
1035,0.04841513931751251,0.1293436884880066,0.2684231349999777
1036,0.04771394282579422,0.1283276528120041,0.26657763899999054
1037,0.04484313726425171,0.1394200176000595,0.2578697229999989
1038,0.15856711566448212,0.5259191393852234,0.25471998899996606
1039,0.052390068769454956,0.10416441410779953,0.2664393539999992
1040,0.0489874929189682,0.06390600651502609,0.2668518070000232
1041,0.07278148829936981,0.13773198425769806,0.26024915699997564
1042,0.04662828892469406,0.1304561197757721,0.2629588149999904
1043,0.052019231021404266,0.10286279767751694,0.26695990899997923
1044,0.05143091827630997,0.15017035603523254,0.2939432430000011
1045,0.0631711557507515,0.07687608152627945,0.2769323460000237
1046,0.05292151868343353,0.18808045983314514,0.257857486999967
1047,0.04734692722558975,0.06021106615662575,0.25633834699999625
1048,0.08040723204612732,0.14410464465618134,0.26646961999995256
1049,0.14255453646183014,0.3985939025878906,0.26179500000000644
1050,0.05837187170982361,0.09039308875799179,0.2656326530000115
1051,0.048702165484428406,0.09129106998443604,0.2617045519999692
1052,0.0533401295542717,0.08693227916955948,0.2723755330000017
1053,0.05499306321144104,0.07470045238733292,0.26368368300001066
1054,0.07471288740634918,0.08517036586999893,0.2652063879999673
1055,0.054601408541202545,0.2530548572540283,0.2667106509999826
1056,0.04557110369205475,0.05715485289692879,0.27255036200000404
1057,0.07446146011352539,0.12600451707839966,0.26062886800002616
1058,0.056664496660232544,0.13654489815235138,0.2635534620000044
1059,0.09198084473609924,0.19023025035858154,0.260915668999985
1060,0.12605684995651245,0.32130298018455505,0.269506487000001
1061,0.14051011204719543,0.275992214679718,0.26251295000002983
1062,0.06158033758401871,0.16854622960090637,0.2572790909999867
1063,0.05197566747665405,0.1157718300819397,0.2877884619999804
1064,0.07904963195323944,0.1577751338481903,0.27152288999997154
1065,0.08275602757930756,0.14653660356998444,0.26119470600002614
1066,0.06889422982931137,0.09118112176656723,0.2667065389999834
1067,0.04332221299409866,0.06917159259319305,0.2633430520000388
1068,0.04778660833835602,0.13240277767181396,0.2579568360000053
1069,0.05047258362174034,0.1832859218120575,0.2682083489999627
1070,0.05918651819229126,0.10544563084840775,0.25602828900002805
1071,0.05621599778532982,0.2550228536128998,0.26398809199997686
1072,0.08110128343105316,0.20011387765407562,0.26737032799996996
1073,0.13335134088993073,0.32130783796310425,0.2690969269999641
1074,0.045273248106241226,0.1132245808839798,0.26376744599997437
1075,0.09140343964099884,0.1663646548986435,0.26773506299997507
1076,0.06413102149963379,0.14132966101169586,0.2640170260000332
1077,0.051381293684244156,0.09999451786279678,0.2634216970000125
1078,0.0579107403755188,0.13118815422058105,0.26078281700000616
1079,0.06961783766746521,0.30825626850128174,0.25919708599997193
1080,0.05112529546022415,0.11472874879837036,0.26536225299997795
1081,0.04757250100374222,0.07799024134874344,0.2778646730000105
1082,0.047323524951934814,0.15086768567562103,0.2733812889999854
1083,0.05361288785934448,0.1356646567583084,0.2705197170000133
1084,0.12478824704885483,0.2737869620323181,0.26413685399995757
1085,0.04997461289167404,0.06566420197486877,0.27333489799997324
1086,0.04903063178062439,0.11714506894350052,0.259673475999989
1087,0.05717115476727486,0.1867293417453766,0.26939586299999974
1088,0.05048983544111252,0.09973601996898651,0.260499134999975
1089,0.054630398750305176,0.05982973054051399,0.26423962100000153
1090,0.04492206498980522,0.11316857486963272,0.26793632700002945
1091,0.052275776863098145,0.08244478702545166,0.26428973299999825
1092,0.1362244039773941,0.24998518824577332,0.26874438799995914
1093,0.13726209104061127,0.3481016457080841,0.2630745559999923
1094,0.058792367577552795,0.12693990767002106,0.27048100299998623
1095,0.176054447889328,0.4651753604412079,0.26535649200002354
1096,0.046613290905952454,0.09178247302770615,0.2574900089999801
1097,0.0688566267490387,0.12600335478782654,0.28484857299997657
1098,0.05094967782497406,0.12849801778793335,0.27100168800001256
1099,0.04763142019510269,0.08272893726825714,0.27638751199998524
1100,0.04810565337538719,0.06951460987329483,0.27252777500001457
1101,0.04672279581427574,0.12244896590709686,0.26351823400000285
1102,0.06351249665021896,0.28567978739738464,0.26415907399996286
1103,0.052368536591529846,0.11322180181741714,0.2797346790000006
1104,0.052031658589839935,0.1024814173579216,0.27259550700000545
1105,0.049304358661174774,0.10435652732849121,0.2777187679999997
1106,0.11169593036174774,0.2731077969074249,0.2585248780000029
1107,0.0559689998626709,0.1274893581867218,0.2652721239999778
1108,0.057447969913482666,0.17508043348789215,0.2667948110000111
1109,0.08067967742681503,0.12563347816467285,0.27416472199996633
1110,0.04658381640911102,0.08786329627037048,0.2821325399999637
1111,0.047448866069316864,0.08978532254695892,0.266845625999963
1112,0.07772642374038696,0.22939971089363098,0.2674552179999523
1113,0.05458136275410652,0.17865930497646332,0.26942205699998567
1114,0.08172009140253067,0.20518729090690613,0.2593535970000289
1115,0.049934323877096176,0.09390181303024292,0.2565358169999854
1116,0.051649317145347595,0.08759119361639023,0.2587972790000208
1117,0.04916859790682793,0.10121645033359528,0.26933063699999593
1118,0.052317939698696136,0.20237810909748077,0.2901482699999747
1119,0.0503816232085228,0.12244299799203873,0.2634740550000174
1120,0.04388076812028885,0.09299960732460022,0.27093302599996605
1121,0.0773656889796257,0.1941804140806198,0.2657631970000125
1122,0.1482335478067398,0.4201044738292694,0.2664579929999604
1123,0.04961329326033592,0.15612980723381042,0.2640192160000083
1124,0.05976755917072296,0.23718339204788208,0.25857944900002394
1125,0.0568382553756237,0.16954706609249115,0.2579025439999896
1126,0.06092902272939682,0.15530243515968323,0.2640836850000028
1127,0.05940805375576019,0.1096498891711235,0.2776228830000491
1128,0.061347201466560364,0.12133295089006424,0.2623786409999411
1129,0.05813898891210556,0.1930466592311859,0.26030676599998515
1130,0.05616272613406181,0.13411441445350647,0.2655696709999802
1131,0.045680269598960876,0.10927844047546387,0.26508710600000995
1132,0.15694156289100647,0.41186317801475525,0.2669148520000135
1133,0.06635762751102448,0.21468278765678406,0.2617596219999996
1134,0.05114363133907318,0.20389549434185028,0.2664267389999395
1135,0.04952730983495712,0.16545702517032623,0.26695797200000015
1136,0.0449390783905983,0.11120034009218216,0.2694148220000443
1137,0.044970497488975525,0.059489693492650986,0.2873901970000361
1138,0.04661151021718979,0.11018045246601105,0.26493815100002394
1139,0.06698869913816452,0.10418850928544998,0.2651568829999178
1140,0.04802621901035309,0.10972131043672562,0.26360355199994956
1141,0.04605434462428093,0.08501262217760086,0.26062848300000496
1142,0.06267110258340836,0.10142721980810165,0.26470509500006756
1143,0.05240223556756973,0.07429953664541245,0.26152750899996136
1144,0.05784417688846588,0.08699201047420502,0.2705117269999846
1145,0.05550044775009155,0.11323101818561554,0.25727673099993353
1146,0.06647834926843643,0.11115393787622452,0.25980538800001796
1147,0.06704479455947876,0.17707791924476624,0.26766246100009994
1148,0.05016503483057022,0.11239796131849289,0.2628306149999844
1149,0.05076984688639641,0.10431138426065445,0.2676789590000226
1150,0.05281013250350952,0.13825306296348572,0.2598561500000187
1151,0.04924027621746063,0.12547463178634644,0.26352443799999037
1152,0.07817129790782928,0.15706506371498108,0.25885915700007445
1153,0.057527825236320496,0.08437957614660263,0.2629526660000465
1154,0.06340572237968445,0.12251412123441696,0.2636387279999326
1155,0.047673169523477554,0.07684231549501419,0.29364782099992226
1156,0.04780048504471779,0.07787702977657318,0.2653591040000265
1157,0.056252624839544296,0.20407237112522125,0.2643082110000705
1158,0.04703177884221077,0.06181035190820694,0.2659317570000894
1159,0.07920271903276443,0.19373708963394165,0.26244555599998876
1160,0.05056670680642128,0.05321725830435753,0.26370760399993287
1161,0.05025314539670944,0.1954091191291809,0.2606585690000429
1162,0.049098558723926544,0.09668093174695969,0.2611263850000114
1163,0.061142683029174805,0.14555928111076355,0.26534114700007194
1164,0.0464295893907547,0.11331308633089066,0.26071388599996226
1165,0.050877057015895844,0.19256022572517395,0.26941861499994957
1166,0.0469856783747673,0.07728150486946106,0.26473143900000196
1167,0.04439020901918411,0.10643748193979263,0.2583876580000606
1168,0.052597127854824066,0.06536182761192322,0.2641838629999711
1169,0.04709773510694504,0.13618463277816772,0.2635435670000561
1170,0.07022073864936829,0.3295973241329193,0.2692470700000058
1171,0.060137562453746796,0.28284841775894165,0.2609098460000041
1172,0.05920077860355377,0.24562685191631317,0.26827650199993514
1173,0.045258380472660065,0.12363328039646149,0.2696038620000536
1174,0.042277559638023376,0.04360958933830261,0.2667717829999674
1175,0.07027782499790192,0.1940920650959015,0.25833489900003315
1176,0.04940342903137207,0.21665401756763458,0.2602069700000129
1177,0.05646044760942459,0.2310718446969986,0.2686012710000796
1178,0.0959208533167839,0.2773716151714325,0.2586164110000482
1179,0.1535232812166214,0.3976381719112396,0.26069393800003127
1180,0.044179655611515045,0.10760476440191269,0.25817151499995816
1181,0.07088916003704071,0.16605845093727112,0.26092748499991103
1182,0.04746124893426895,0.10211045295000076,0.26009015800002544
1183,0.04792789742350578,0.11601827293634415,0.2661829520000083
1184,0.08087880909442902,0.13394483923912048,0.26646228800007066
1185,0.04812926799058914,0.08098737895488739,0.26623242599998775
1186,0.05072250962257385,0.1262950748205185,0.26483789500002786
1187,0.06968879699707031,0.2861913740634918,0.26116631900003995
1188,0.05191172659397125,0.2092514932155609,0.273087923999924
1189,0.08748731017112732,0.20241747796535492,0.2637372489999734
1190,0.04933667182922363,0.13016852736473083,0.2591749669999217
1191,0.13631945848464966,0.3746231198310852,0.2626040730000341
1192,0.04829404503107071,0.1387435346841812,0.2723586519999799
1193,0.05139920860528946,0.11490518599748611,0.27010329699999147
1194,0.08179517090320587,0.16525684297084808,0.2615534200000411
1195,0.05297892540693283,0.15108749270439148,0.2659037470000385
1196,0.05074073374271393,0.14265576004981995,0.26597841100010555
1197,0.08372277021408081,0.16056890785694122,0.26411379099999976
1198,0.048039209097623825,0.10985828936100006,0.26007290400002603
1199,0.04990619793534279,0.14698193967342377,0.2615496540000777
1200,0.057003818452358246,0.14128634333610535,0.26675658900001054
1201,0.14299586415290833,0.3412190079689026,0.26551716500000566
1202,0.05559935420751572,0.15494458377361298,0.26253901499990207
1203,0.04574684053659439,0.10903360694646835,0.2608279409998886
1204,0.04833269119262695,0.10052505880594254,0.26362306800001534
1205,0.04670519381761551,0.11790509521961212,0.2645870899999636
1206,0.04708791524171829,0.08874765783548355,0.2598600340000985
1207,0.04782932996749878,0.1368374228477478,0.26832897400004185
1208,0.04421359300613403,0.08234305679798126,0.2533715710000024
1209,0.05153769999742508,0.17692314088344574,0.2576674379999986
1210,0.04716945439577103,0.119744211435318,0.2662588499999856
1211,0.09602948278188705,0.19582626223564148,0.2660798969999405
1212,0.0924360528588295,0.17208769917488098,0.2577531759999374
1213,0.04430641978979111,0.04885727912187576,0.273414144999947
1214,0.16327272355556488,0.48227959871292114,0.2625489929999958
1215,0.05252527445554733,0.12677915394306183,0.2679257270000335
1216,0.06522651016712189,0.1515616923570633,0.2626698239999996
1217,0.05006536841392517,0.1499543935060501,0.2679347499999949
1218,0.05437031760811806,0.08106201142072678,0.2652451779999865
1219,0.06633199006319046,0.1978849172592163,0.2608382050000273
1220,0.062056805938482285,0.15449750423431396,0.27287882199993874
1221,0.09084303677082062,0.13265280425548553,0.272481622999976
1222,0.13717348873615265,0.2964588701725006,0.2825588029999153
1223,0.04622984677553177,0.11258833110332489,0.26106370100001186
1224,0.07081671059131622,0.11954861879348755,0.2648936269999922
1225,0.04852558672428131,0.1756257265806198,0.26746742400007406
1226,0.09352673590183258,0.2023906409740448,0.26120042299999113
1227,0.044875338673591614,0.07743171602487564,0.2615737229999695
1228,0.1045306921005249,0.18929101526737213,0.26311894299999494
1229,0.04431281238794327,0.07902015000581741,0.27939598800003296
1230,0.05010484904050827,0.18579383194446564,0.29128652100007457
1231,0.053949061781167984,0.1671348661184311,0.2634981639999978
1232,0.08013984560966492,0.18922670185565948,0.27348694900001647
1233,0.09794846177101135,0.2218075841665268,0.2681540779999523
1234,0.3135216534137726,0.9815061688423157,0.26844378900000265
1235,0.04411179572343826,0.051976583898067474,0.25996307000002616
1236,0.062372565269470215,0.09357079863548279,0.26948203299991746
1237,0.05289337784051895,0.18050450086593628,0.26377114599995366
1238,0.06939905881881714,0.12003760039806366,0.26475044999995134
1239,0.09162227064371109,0.16688227653503418,0.26512862499998846
1240,0.06992680579423904,0.23982469737529755,0.2641124750000472
1241,0.058259859681129456,0.09281797707080841,0.27116162999993776
1242,0.0484841912984848,0.1150524914264679,0.2584632989999136
1243,0.1044575423002243,0.3564465641975403,0.2682684110000082
1244,0.10707437992095947,0.22710658609867096,0.2640959990000056
1245,0.07094326615333557,0.15566100180149078,0.26915955700008
1246,0.08333799988031387,0.22725307941436768,0.2689583449999873
1247,0.07932429015636444,0.13218924403190613,0.26273329599996487
1248,0.06370110809803009,0.20249083638191223,0.26897060499993586
1249,0.0625503659248352,0.15154440701007843,0.2647657369999479
1250,0.15161949396133423,0.3283174932003021,0.27775512799996704
1251,0.04789809510111809,0.12485914677381516,0.26581008499999825
1252,0.06780039519071579,0.12282021343708038,0.27212285099994915
1253,0.053218115121126175,0.14523878693580627,0.2741517639999529
1254,0.05653694272041321,0.09969978034496307,0.27864740399991206
1255,0.04651228338479996,0.10633490234613419,0.26266191099989555
1256,0.048143163323402405,0.12683619558811188,0.2831680360000064
1257,0.0492883138358593,0.16894672811031342,0.26883742299992264
1258,0.06651186943054199,0.1406865119934082,0.273296490000007
1259,0.05373602360486984,0.12891614437103271,0.25975341299999855
1260,0.06136762723326683,0.10693630576133728,0.27176109300000917
1261,0.043209973722696304,0.11615920066833496,0.27025559100002283
1262,0.05412980169057846,0.08067341893911362,0.2654186130000653
1263,0.05057923495769501,0.11634963005781174,0.27706481200004873
1264,0.05634041875600815,0.08374771475791931,0.30508594100001574
1265,0.04789009690284729,0.07267485558986664,0.27421395700002904
1266,0.13193470239639282,0.258960098028183,0.2731465530000605
1267,0.04672037437558174,0.1674657166004181,0.26303562400005376
1268,0.0999198630452156,0.18784447014331818,0.27118061700002727
1269,0.045032914727926254,0.09017760306596756,0.28041889500002526
1270,0.06615465879440308,0.21952617168426514,0.2820645140000124
1271,0.0879775658249855,0.1949838399887085,0.28427276399997936
1272,0.08406846225261688,0.22567684948444366,0.27330175800000234
1273,0.05708133429288864,0.19235415756702423,0.26416827099990314
1274,0.04138270765542984,0.07843666523694992,0.2576067549999834
1275,0.04605233669281006,0.100194551050663,0.27143677899994145
1276,0.08441249281167984,0.134733185172081,0.26548587799993584
1277,0.13091698288917542,0.2390812188386917,0.258281506000003
1278,0.0623234286904335,0.1492834836244583,0.2698919690000139
1279,0.048711780458688736,0.11951316893100739,0.2677904770000623
1280,0.04591163992881775,0.04852940887212753,0.2621146729999282
1281,0.05060753971338272,0.08531944453716278,0.2626936560000104
1282,0.0598251149058342,0.09326960891485214,0.26063441700000567
1283,0.06136578321456909,0.22005903720855713,0.27352671699998155
1284,0.05230790004134178,0.11123038828372955,0.2658684190000713
1285,0.08136317133903503,0.2268701195716858,0.2691249350000362
1286,0.06039649620652199,0.19552676379680634,0.2649043659999961
1287,0.042867958545684814,0.06783554702997208,0.26698790199998257
1288,0.047282859683036804,0.07132744044065475,0.2588058250000813
1289,0.12056197226047516,0.32076504826545715,0.2649476289999484
1290,0.08084486424922943,0.11026450246572495,0.26696759300000394
1291,0.04755886644124985,0.07004160434007645,0.2683177590000696
1292,0.06020983308553696,0.23385320603847504,0.27233162599998195
1293,0.08469780534505844,0.22222347557544708,0.27218098200000895
1294,0.05053532123565674,0.10367494821548462,0.2766025789999276
1295,0.04490206390619278,0.0919194296002388,0.27052876900006595
1296,0.053120821714401245,0.21103937923908234,0.2737235810000129
1297,0.050836555659770966,0.14198310673236847,0.27794447700000546
1298,0.04415970295667648,0.07114280760288239,0.2843716880000784
1299,0.050922997295856476,0.21488738059997559,0.2776521829999865
1300,0.07681181281805038,0.18017861247062683,0.317757082000071
1301,0.07749238610267639,0.2139161080121994,0.26924918499992145
1302,0.05197882652282715,0.14227931201457977,0.27222146099995825
1303,0.06313811987638474,0.2123779058456421,0.261003454000047
1304,0.10030834376811981,0.23893828690052032,0.2607888530000082
1305,0.0451272614300251,0.13441431522369385,0.2656257230000847
1306,0.07123509049415588,0.33973461389541626,0.26877247899994927
1307,0.05337897688150406,0.1493760049343109,0.2658501770000612
1308,0.0777319073677063,0.29941457509994507,0.2557491510000318
1309,0.18680840730667114,0.5487029552459717,0.26639861300009215
1310,0.19645774364471436,0.46881303191185,0.2586848229999532
1311,0.06007866561412811,0.3065080940723419,0.2617567229999622
1312,0.059772416949272156,0.3107506334781647,0.26540710699998726
1313,0.0988636463880539,0.20419952273368835,0.26189780699996845
1314,0.08909665793180466,0.24354417622089386,0.26201936400002523
1315,0.06013284996151924,0.10558570176362991,0.2623304649999909
1316,0.05744383484125137,0.16705739498138428,0.26119853800003057
1317,0.0490521639585495,0.09075010567903519,0.26214389399990523
1318,0.04472670704126358,0.05209851637482643,0.26352175500005615
1319,0.05231618881225586,0.21073231101036072,0.2693377220000457
1320,0.23365502059459686,0.7280017733573914,0.2836073189999979
1321,0.051742516458034515,0.08842426538467407,0.2957698799999662
1322,0.0463697649538517,0.06322034448385239,0.2609779140000228
1323,0.07481644302606583,0.15336178243160248,0.25696412299998883
1324,0.06040024757385254,0.19796666502952576,0.26460617999998703
1325,0.07018642127513885,0.14439138770103455,0.2647277830000121
1326,0.06380417943000793,0.1412365585565567,0.26741180400006215
1327,0.049364328384399414,0.08777081966400146,0.2638989389998869
1328,0.05899927765130997,0.11693654209375381,0.2648828800000729
1329,0.04519373178482056,0.12594087421894073,0.2638908309999124
1330,0.13683216273784637,0.29875656962394714,0.2637867959999767
1331,0.06893491744995117,0.21972247958183289,0.2578284909999411
1332,0.045512691140174866,0.05105499178171158,0.26286154399997486
1333,0.060883961617946625,0.1956447809934616,0.2636877690000574
1334,0.05607679486274719,0.13988599181175232,0.25619944300001407
1335,0.047668665647506714,0.10833414644002914,0.2646238339999627
1336,0.05441804230213165,0.08151643723249435,0.2691416449999906
1337,0.0471084862947464,0.09534952789545059,0.3006282239999791
1338,0.16753685474395752,0.3899066746234894,0.2830615969999144
1339,0.05711321160197258,0.1465599238872528,0.268269714999974
1340,0.04935495927929878,0.12702074646949768,0.2756735340000205
1341,0.05948419123888016,0.27611711621284485,0.2631922890000169
1342,0.04852134734392166,0.13592413067817688,0.27437890700002754
1343,0.10342354327440262,0.24721355736255646,0.26592148600002474
1344,0.06502415984869003,0.13237419724464417,0.26049724300003163
1345,0.06474032253026962,0.1429484784603119,0.26653352100004213
1346,0.04633855074644089,0.09995338320732117,0.2620256210000207
1347,0.04469096660614014,0.0520954430103302,0.2614470140000549
1348,0.1147480458021164,0.2312479466199875,0.26370412599999327
1349,0.0690269023180008,0.1045081615447998,0.2586754229999997
1350,0.04897860437631607,0.14911097288131714,0.26486280100004933
1351,0.04735101759433746,0.048130009323358536,0.2670724519999794
1352,0.04741910099983215,0.07361791282892227,0.2619702459999189
1353,0.06958234310150146,0.11813916265964508,0.25602756499995394
1354,0.05397365987300873,0.06725597381591797,0.2597176680000075
1355,0.052260659635066986,0.1991751790046692,0.2584474349999937
1356,0.05252848565578461,0.17817902565002441,0.26319793299990124
1357,0.043607428669929504,0.1441192626953125,0.2588823250000587
1358,0.04633805900812149,0.19403867423534393,0.27315341499991064
1359,0.046938128769397736,0.10218467563390732,0.26947367699995084
1360,0.10147181153297424,0.1996557116508484,0.26083210199999485
1361,0.13167709112167358,0.4164932668209076,0.26212361299997156
1362,0.05909448862075806,0.14259284734725952,0.26393180000002303
1363,0.07423339039087296,0.12613792717456818,0.266869202999942
1364,0.0644826740026474,0.24356378614902496,0.2643703779999669
1365,0.04466600716114044,0.1226734146475792,0.2670588629999884
1366,0.0907779261469841,0.08931533992290497,0.27159947899997405
1367,0.07201226055622101,0.14479541778564453,0.27735255200002484
1368,0.059821322560310364,0.08715660870075226,0.2664913879999631
1369,0.05303674191236496,0.16314995288848877,0.26408209399994576
1370,0.045056480914354324,0.05858159810304642,0.268807637000009
1371,0.08243711292743683,0.2427171915769577,0.2670944709999503
1372,0.04840067774057388,0.1475641131401062,0.27196960200001286
1373,0.04314173012971878,0.11075876653194427,0.27352650400007406
1374,0.05524659901857376,0.11245539784431458,0.29705376599997635
1375,0.05254678428173065,0.1504535973072052,0.27021044900004654
1376,0.0710604190826416,0.2512276768684387,0.25940498499994646
1377,0.06281431019306183,0.09164120256900787,0.262593160999927
1378,0.04726432263851166,0.11159129440784454,0.2648780330000591
1379,0.053031548857688904,0.1676185429096222,0.25902692099998603
1380,0.20203886926174164,0.5627219676971436,0.2639661380000007
1381,0.04151115566492081,0.05372355505824089,0.2758343509999577
1382,0.0743621364235878,0.08623814582824707,0.2649993909999466
1383,0.04480618238449097,0.0735141932964325,0.26639869900009217
1384,0.1695747673511505,0.5541281700134277,0.26915340000005017
1385,0.09117519855499268,0.14609354734420776,0.2610090000000582
1386,0.0666312500834465,0.18122844398021698,0.26123990700000377
1387,0.07533475756645203,0.16471467912197113,0.26228948199991464
1388,0.04804268851876259,0.07835817337036133,0.2605992430000015
1389,0.051103949546813965,0.10421689599752426,0.26314351700000316
1390,0.062128737568855286,0.1632372885942459,0.26021341000000575
1391,0.06398064643144608,0.10653550922870636,0.26281691999997747
1392,0.24703916907310486,0.6689663529396057,0.26251839399992605
1393,0.06677757203578949,0.26430538296699524,0.263883668999938
1394,0.08241106569766998,0.11900828033685684,0.26869920399997227
1395,0.06491082906723022,0.2847800552845001,0.26582730900008755
1396,0.04797706380486488,0.1131221204996109,0.28321188500001426
1397,0.05574388429522514,0.10345836728811264,0.25937646299996686
1398,0.0576636865735054,0.18419435620307922,0.26419351800007007
1399,0.05015876144170761,0.14175835251808167,0.2607142560000284
1400,0.11237763613462448,0.3673807680606842,0.26440996600001654
1401,0.05295856297016144,0.1316729635000229,0.2630299109999896
1402,0.07553273439407349,0.14506521821022034,0.26546349599993846
1403,0.05619313195347786,0.26627659797668457,0.26293425100004697
1404,0.16542577743530273,0.45426705479621887,0.26851255900010074
1405,0.06772980093955994,0.09682418406009674,0.2615840030000527
1406,0.0468946173787117,0.06509765237569809,0.2604447019999725
1407,0.05092718452215195,0.10792426764965057,0.2689785390000452
1408,0.0527363196015358,0.19303354620933533,0.25863408599991544
1409,0.06448648869991302,0.3197384774684906,0.26093280800000684
1410,0.07426431775093079,0.1692638397216797,0.26038517099993896
1411,0.06921598315238953,0.2975160777568817,0.2748138409999683
1412,0.10748853534460068,0.3045232892036438,0.25893974799998887
1413,0.045576125383377075,0.10460285097360611,0.2641284029999724
1414,0.07338692992925644,0.1680181920528412,0.26924739800006137
1415,0.049072265625,0.15070804953575134,0.2654203160000179
1416,0.04729239642620087,0.11467600613832474,0.2579994400000487
1417,0.04957665875554085,0.16380977630615234,0.26528931299992564
1418,0.05270295590162277,0.1802358627319336,0.2615205849999711
1419,0.046477772295475006,0.09836112707853317,0.2569589329999644
1420,0.0513695552945137,0.0672995001077652,0.2621646680000822
1421,0.05812534689903259,0.22503355145454407,0.26166413000009925
1422,0.08653205633163452,0.40737274289131165,0.26147522300004766
1423,0.0507604256272316,0.1873643547296524,0.26252774600004614
1424,0.046505801379680634,0.10497777909040451,0.2578016730000172
1425,0.08081689476966858,0.2605574131011963,0.2601249290000851
1426,0.0942995697259903,0.2097999006509781,0.26474447299995063
1427,0.0467204675078392,0.06474385410547256,0.26046331899999586
1428,0.047847554087638855,0.06400486826896667,0.26443945599999097
1429,0.05336357653141022,0.148297518491745,0.2613166649999812
1430,0.08884875476360321,0.1435825675725937,0.26440204799996536
1431,0.06715549528598785,0.22518999874591827,0.2601049329999796
1432,0.06142781674861908,0.2531161606311798,0.26010379599995304
1433,0.04387526214122772,0.1394113004207611,0.25614365499995984
1434,0.04545927420258522,0.11632944643497467,0.27536391899991486
1435,0.046342626214027405,0.18981899321079254,0.2532769179999832
1436,0.07590190321207047,0.17546412348747253,0.2685281499999519
1437,0.05632440000772476,0.15925690531730652,0.2593078399999058
1438,0.05664162337779999,0.11361654102802277,0.26524575400003414
1439,0.08109650760889053,0.09658204764127731,0.25722100500001943
1440,0.04416359215974808,0.0910147950053215,0.2586381009999741
1441,0.04461675509810448,0.09519218653440475,0.26101356100002704
1442,0.10161031782627106,0.2306680530309677,0.2596879179999405
1443,0.059662722051143646,0.14770884811878204,0.26455094200002804
1444,0.04933374002575874,0.18721699714660645,0.26198363800006064
1445,0.069225013256073,0.3001916706562042,0.2599747369999932
1446,0.04044759273529053,0.06856516003608704,0.25914185299996007
1447,0.180622398853302,0.4618496894836426,0.26091102899999896
1448,0.11021273583173752,0.2413204163312912,0.27768951200005176
1449,0.04408536106348038,0.08275914192199707,0.3016783900000064
1450,0.06135454773902893,0.06291619688272476,0.26526082499992754
1451,0.05193512886762619,0.15369412302970886,0.2745017539999708
1452,0.08712150156497955,0.17197923362255096,0.2564937430000782
1453,0.05263558775186539,0.1569780707359314,0.2621470420000378
1454,0.07158815860748291,0.12652575969696045,0.26789483000004566
1455,0.08394518494606018,0.31541967391967773,0.27051575000007233
1456,0.05267930030822754,0.1625237613916397,0.2655069639999965
1457,0.0454745851457119,0.13983234763145447,0.26171216399995956
1458,0.0849357321858406,0.17362283170223236,0.2563712090000081
1459,0.04937811195850372,0.20367304980754852,0.26620041299997865
1460,0.04658379778265953,0.13542865216732025,0.266937697000003
1461,0.06505635380744934,0.09748472273349762,0.26775483300002634
1462,0.058508098125457764,0.22846010327339172,0.2619980199999645
1463,0.04209226369857788,0.0611695870757103,0.26877397099997324
1464,0.0600050613284111,0.10065680742263794,0.2698554480000439
1465,0.04520981013774872,0.1288139820098877,0.25706382399994254
1466,0.0435711108148098,0.07040059566497803,0.2667585330000293
1467,0.04496235027909279,0.08932065218687057,0.25853565999989314
1468,0.06592535972595215,0.07792297750711441,0.2647209589999875
1469,0.07182857394218445,0.3449898660182953,0.259477081
1470,0.07340137660503387,0.17340119183063507,0.26312746999997216
1471,0.04091063514351845,0.06229081749916077,0.25401619900003425
1472,0.10310214757919312,0.28438377380371094,0.26718699399998513
1473,0.04594863951206207,0.14830803871154785,0.2695460339999727
1474,0.05688467621803284,0.1641380488872528,0.2758145330000161
1475,0.04939685016870499,0.1354624181985855,0.2640358919999244
1476,0.052379220724105835,0.061287831515073776,0.25891178500000933
1477,0.050948675721883774,0.12407170236110687,0.2585307900000089
1478,0.07756610214710236,0.14075224101543427,0.26461164799991366
1479,0.042634639889001846,0.08202973753213882,0.2644899819999864
1480,0.04573599249124527,0.08287651836872101,0.27650500800007194
1481,0.09684978425502777,0.1296536922454834,0.2587114799999881
1482,0.052783675491809845,0.06921301037073135,0.25752522799996314
1483,0.045030806213617325,0.08816777169704437,0.25892650200000844
1484,0.05218720808625221,0.08477044105529785,0.2680846430000656
1485,0.05943574011325836,0.11106539517641068,0.26989983900000425
1486,0.044227875769138336,0.1450749635696411,0.30037339199998314
1487,0.04569912701845169,0.04690703749656677,0.25801298200008205
1488,0.04480728507041931,0.09692972153425217,0.25946065200002977
1489,0.05775995925068855,0.135684534907341,0.2582609019999609
1490,0.0481354296207428,0.10982037335634232,0.26369392599997354
1491,0.04886338487267494,0.17321337759494781,0.25649820600006024
1492,0.05497337877750397,0.14675898849964142,0.2627108460000045
1493,0.06889611482620239,0.09052552282810211,0.2575782710000567
1494,0.06899496167898178,0.18942494690418243,0.261429172000021
1495,0.06002577394247055,0.11030726879835129,0.26640169699999205
1496,0.06930836290121078,0.1801048070192337,0.2712497940000276
1497,0.0525660403072834,0.08304917812347412,0.2615417870000556
1498,0.05064622312784195,0.1947648823261261,0.26075954599991746
1499,0.12868371605873108,0.21432076394557953,0.2640963990000955
1500,0.048067014664411545,0.16954666376113892,0.2608036340000126
1501,0.08132386207580566,0.16416385769844055,0.262332334000007
1502,0.1465032398700714,0.4064362049102783,0.2677300569999943
1503,0.05156411975622177,0.13048556447029114,0.26633582800002387
1504,0.04703495278954506,0.13864892721176147,0.26303907200008325
1505,0.06501199305057526,0.09109009057283401,0.26803263399995103
1506,0.05507446080446243,0.09418857097625732,0.2617922849999559
1507,0.06530511379241943,0.1495482325553894,0.2622895580000204
1508,0.048713430762290955,0.13986867666244507,0.2611008449999872
1509,0.06273967027664185,0.3233380913734436,0.2619370830000207
1510,0.04678923636674881,0.10053276270627975,0.26283911299992724
1511,0.047752633690834045,0.11396431922912598,0.2587569260000464
1512,0.0619208887219429,0.2876715660095215,0.26757087200007845
1513,0.04766388237476349,0.07498842477798462,0.26561409299995375
1514,0.0434999018907547,0.038821764290332794,0.2615064510000593
1515,0.045970939099788666,0.1641010344028473,0.2531588140000167
1516,0.05397270619869232,0.10399682074785233,0.26052795700002207
1517,0.051194049417972565,0.20515534281730652,0.2586381190000111
1518,0.0474141426384449,0.06065864861011505,0.25701288999994176
1519,0.06597116589546204,0.1537066549062729,0.2811314300000731
1520,0.04083371162414551,0.0445832684636116,0.3002576459999773
1521,0.09418155252933502,0.18430514633655548,0.3154898079999384
1522,0.08465224504470825,0.1840410828590393,0.28823910000005526
1523,0.04550054669380188,0.1435546576976776,0.2817523410000149
1524,0.10510589927434921,0.2539612352848053,0.26895842099997935
1525,0.07666300982236862,0.16501423716545105,0.2618113949999952
1526,0.05430500954389572,0.2616191506385803,0.2608085399999709
1527,0.0597836896777153,0.1449735313653946,0.26694663499995386
1528,0.05566379800438881,0.17380811274051666,0.26020683000001554
1529,0.06606876850128174,0.12716230750083923,0.2648899779999283
1530,0.046702221035957336,0.15189507603645325,0.2658022229999233
1531,0.04759809374809265,0.17825500667095184,0.26390518300001986
1532,0.07533036172389984,0.22919407486915588,0.2724049170000171
1533,0.09575815498828888,0.1839190274477005,0.25690551399998185
1534,0.04338904842734337,0.0692652240395546,0.25872224499994445
1535,0.04190771281719208,0.060974739491939545,0.26181793900002504
1536,0.06566858291625977,0.2754432260990143,0.2642273409999234
1537,0.042183004319667816,0.07281171530485153,0.2582270840000547
1538,0.07215307652950287,0.12162230163812637,0.2659470569999485
1539,0.06582693010568619,0.10796114057302475,0.27142046599999503
1540,0.048101890832185745,0.0902000218629837,0.25903099399999974
1541,0.046505991369485855,0.1787266582250595,0.27121904700004507
1542,0.09491139650344849,0.2337297797203064,0.25719363799998973
1543,0.05215856432914734,0.14596466720104218,0.27095168799996827
1544,0.047330744564533234,0.15304933488368988,0.2632106710000244
1545,0.05781058222055435,0.12091983109712601,0.26021355900002163
1546,0.04622818902134895,0.05149320513010025,0.2618165520000275
1547,0.04126467555761337,0.06002640351653099,0.2591897600000266
1548,0.15209659934043884,0.39498475193977356,0.2625976820000915
1549,0.10486562550067902,0.3546510934829712,0.2657276749999937
1550,0.08821932226419449,0.22775287926197052,0.26363962000004904
1551,0.04814758896827698,0.1293967068195343,0.2580487269999594
1552,0.045178256928920746,0.05703859403729439,0.2555401949999805
1553,0.053174301981925964,0.15383298695087433,0.2622708269999521
1554,0.046383198350667953,0.0794379711151123,0.26530663799997
1555,0.04661793261766434,0.0859508141875267,0.25650147900000775
1556,0.07008832693099976,0.1841946691274643,0.26333545300008154
1557,0.1362415850162506,0.26599472761154175,0.2675023269999883
1558,0.05548296496272087,0.08139792084693909,0.30521877099999983
1559,0.049915336072444916,0.1353665441274643,0.2638461519999282
1560,0.04425632953643799,0.13359753787517548,0.2642766940000456
1561,0.07835456728935242,0.16129116714000702,0.25993055499998263
1562,0.041695185005664825,0.05201160907745361,0.25602965000007316
1563,0.06474097073078156,0.20800898969173431,0.2581976169999507
1564,0.043487247079610825,0.12937551736831665,0.26021071399998164
1565,0.04361750930547714,0.07099024951457977,0.2570649680000088
1566,0.04115819185972214,0.03972769156098366,0.2592269419999411
1567,0.08619298785924911,0.15647903084754944,0.2619181170000502
1568,0.042526159435510635,0.06644675135612488,0.26795464600002106
1569,0.051404859870672226,0.06184304878115654,0.2661916959999644
1570,0.048435330390930176,0.07909123599529266,0.2623009300000376
1571,0.05019237846136093,0.10004479438066483,0.2634600839999166
1572,0.04842907190322876,0.13129422068595886,0.2595133119999673
1573,0.04919644072651863,0.10128594189882278,0.2619316949999302
1574,0.058754514902830124,0.2537035346031189,0.2777618080000366
1575,0.04396265000104904,0.12989912927150726,0.2621841319999021
1576,0.05675120651721954,0.30339059233665466,0.2570674749999853
1577,0.07845020294189453,0.12316601723432541,0.2819030069999826
1578,0.10839295387268066,0.20208226144313812,0.262459530000001
1579,0.051879581063985825,0.12186531722545624,0.2600439259999803
1580,0.04644222557544708,0.13217978179454803,0.2578437100000883
1581,0.06455246359109879,0.1662631332874298,0.26326671300000726
1582,0.04652168229222298,0.21199923753738403,0.27136222900003304
1583,0.05207059904932976,0.21869561076164246,0.2696805389999781
1584,0.09100169688463211,0.2100450098514557,0.27419305499995517
1585,0.04489397257566452,0.04798230901360512,0.26370115700001406
1586,0.041797980666160583,0.09816315770149231,0.2579740959999981
1587,0.04572483152151108,0.13342837989330292,0.2604853280000725
1588,0.0889318585395813,0.23808622360229492,0.26325657699999283
1589,0.06571754068136215,0.13982036709785461,0.26257129199996143
1590,0.08331112563610077,0.22407230734825134,0.2637626719999844
1591,0.05280643701553345,0.11443069577217102,0.2634213709999358
1592,0.08028926700353622,0.1487370729446411,0.2767342560000543
1593,0.044416643679142,0.06221809983253479,0.2631697560000248
1594,0.04643360897898674,0.17211474478244781,0.28253311899993605
1595,0.04256681352853775,0.11492594331502914,0.3169912959999692
1596,0.14131493866443634,0.3119860887527466,0.26686744699998144
1597,0.04261324182152748,0.07087387144565582,0.2693242560000044
1598,0.06981377303600311,0.11679957807064056,0.26797020399999383
1599,0.11473684757947922,0.20845584571361542,0.26928340899996783
1600,0.05032319575548172,0.16279247403144836,0.2652041180000424
1601,0.044597871601581573,0.08117914944887161,0.2656732880000163
1602,0.05010224133729935,0.13437633216381073,0.2653491349999513
1603,0.04724156856536865,0.13526278734207153,0.2750986280000234
1604,0.11066573858261108,0.17252571880817413,0.26570221700001184
1605,0.054578594863414764,0.0866251140832901,0.2712022580000166
1606,0.06301629543304443,0.18199194967746735,0.2699956999999813
1607,0.0843551978468895,0.20861759781837463,0.2683270129999755
1608,0.04874866083264351,0.057132817804813385,0.27654182600008426
1609,0.06478917598724365,0.13555438816547394,0.2651089309999861
1610,0.04372677952051163,0.09830741584300995,0.2778340490000346
1611,0.05091061443090439,0.1486084908246994,0.27036559900000157
1612,0.0976852998137474,0.2404405027627945,0.27126006000003144
1613,0.06943988054990768,0.15240533649921417,0.27028385300002356
1614,0.07486783713102341,0.1407996416091919,0.2740109599999414
1615,0.10787160694599152,0.24969853460788727,0.26563416999999845
1616,0.06737101078033447,0.2507801353931427,0.2676073439999982
1617,0.048684265464544296,0.1563767045736313,0.26684266100005516
1618,0.056397370994091034,0.08287817984819412,0.2611919249999346
1619,0.08035489171743393,0.17367056012153625,0.2620450230000415
1620,0.06483456492424011,0.11061982810497284,0.25745338800004447
1621,0.056204650551080704,0.1520259529352188,0.2609204369999816
1622,0.06721162796020508,0.1268850713968277,0.26912318299991966
1623,0.0451895073056221,0.07644063234329224,0.26266174900001715
1624,0.05719176307320595,0.11991257965564728,0.2707469989999254
1625,0.04707670211791992,0.19638101756572723,0.2696111010000095
1626,0.053286630660295486,0.13557887077331543,0.25593456900003275
1627,0.04909302294254303,0.13183701038360596,0.2587117799999987
1628,0.04240552708506584,0.1587178260087967,0.258488390000025
1629,0.06781966984272003,0.1150038093328476,0.27682278299994323
1630,0.04210115969181061,0.12956003844738007,0.25804197499996917
1631,0.06189832091331482,0.12393239140510559,0.2664442500000632
1632,0.0657510906457901,0.15822388231754303,0.31285498499994446
1633,0.04324416443705559,0.051008377224206924,0.27493175600000086
1634,0.047896094620227814,0.18079902231693268,0.2738762220000126
1635,0.04219658672809601,0.08073114603757858,0.2733929469999339
1636,0.05334414541721344,0.24674178659915924,0.2716283150000436
1637,0.04498790577054024,0.082906574010849,0.2731543109999848
1638,0.04968656599521637,0.10749473422765732,0.2746053439999514
1639,0.047426655888557434,0.08047473430633545,0.2634239389999493
1640,0.04471735656261444,0.1336740404367447,0.2712324589999753
1641,0.1592569649219513,0.4983016550540924,0.25944806099994366
1642,0.09235438704490662,0.23558582365512848,0.2562947259999646
1643,0.043942928314208984,0.09380253404378891,0.2642157650000172
1644,0.043291125446558,0.12100785225629807,0.2588267899999437
1645,0.058677028864622116,0.17603588104248047,0.2557396689999223
1646,0.0538901761174202,0.18804407119750977,0.2628271160000395
1647,0.042635031044483185,0.046471044421195984,0.2625165769999285
1648,0.047251421958208084,0.047857653349637985,0.2551914379999971
1649,0.04629239812493324,0.12543830275535583,0.26082897499998126
1650,0.04448210448026657,0.07709372043609619,0.26498552300006395
1651,0.0869544968008995,0.25610724091529846,0.2677597040000137
1652,0.0643957108259201,0.16805016994476318,0.255432576999965
1653,0.06461948156356812,0.11289245635271072,0.2564777200000208
1654,0.059272512793540955,0.29007574915885925,0.27742659799992
1655,0.048244986683130264,0.15266938507556915,0.29701880099992195
1656,0.07609787583351135,0.126271054148674,0.2915279850000161
1657,0.05001635104417801,0.15114590525627136,0.26674231100003
1658,0.04591390863060951,0.1261967569589615,0.26079133300004287
1659,0.05374356359243393,0.11979494243860245,0.2692424709999841
1660,0.06117111071944237,0.1288815140724182,0.26226080200001434
1661,0.07052989304065704,0.1376662254333496,0.2647299399999383
1662,0.046660080552101135,0.1713365912437439,0.26366963600003146
1663,0.07190869748592377,0.34384623169898987,0.26130500200008555
1664,0.06130588799715042,0.21639484167099,0.26050014899999496
1665,0.1104053184390068,0.20218661427497864,0.25913707899997007
1666,0.09575887024402618,0.14420703053474426,0.26062023800000134
1667,0.046180933713912964,0.08633404970169067,0.2671285960000205
1668,0.08666999638080597,0.18904872238636017,0.2680961460000617
1669,0.04272487014532089,0.07602427899837494,0.2902562390000867
1670,0.05650584399700165,0.1742023080587387,0.260861148999993
1671,0.07912881672382355,0.15412770211696625,0.2617938140000433
1672,0.04577363282442093,0.20438739657402039,0.2624527870000293
1673,0.14918571710586548,0.4660400450229645,0.27275587500002985
1674,0.06174729764461517,0.09103250503540039,0.2581457620000265
1675,0.04605180770158768,0.11370060592889786,0.2599765589999379
1676,0.04545371234416962,0.11144079267978668,0.2615697219999902
1677,0.04861066862940788,0.10485588759183884,0.27167304099998546
1678,0.044929154217243195,0.09962141513824463,0.26205090600001313
1679,0.055284492671489716,0.08691926300525665,0.2641391359999261
1680,0.04169011488556862,0.07784143090248108,0.26532077100000606
1681,0.04488617181777954,0.07661972939968109,0.26585886000009396
1682,0.053201377391815186,0.15526023507118225,0.25850027699993916
1683,0.052304916083812714,0.12137872725725174,0.2555764960000033
1684,0.047653842717409134,0.15361633896827698,0.2582713160001049
1685,0.05475261062383652,0.18474315106868744,0.2618334370000639
1686,0.04859554022550583,0.18334880471229553,0.25516233700000157
1687,0.11102257668972015,0.24588139355182648,0.25793591199999355
1688,0.051498472690582275,0.23427101969718933,0.2658536600000616
1689,0.05053076893091202,0.11684513092041016,0.259871753000084
1690,0.07540876418352127,0.20956166088581085,0.2650727259999712
1691,0.050375401973724365,0.10305195301771164,0.25996444300005805
1692,0.04648449271917343,0.07502869516611099,0.2627170579999074
1693,0.0468597486615181,0.15369117259979248,0.26531098199995995
1694,0.05725175887346268,0.09894263744354248,0.2639710280000145
1695,0.053413987159729004,0.08744373172521591,0.25649710800007597
1696,0.050230517983436584,0.12740424275398254,0.26994741199996497
1697,0.05009680613875389,0.25221383571624756,0.2569863889999624
1698,0.04736444354057312,0.06079833209514618,0.2532100859999673
1699,0.04827500134706497,0.1553242951631546,0.25705661099993904
1700,0.04214056581258774,0.10491674393415451,0.2617666400000189
1701,0.04034918174147606,0.04039923846721649,0.25577676700004304
1702,0.05976937711238861,0.17604488134384155,0.2584879409999985
1703,0.11567892134189606,0.21113170683383942,0.2589087799999561
1704,0.07689233869314194,0.1640150099992752,0.26541013499991095
1705,0.05110933259129524,0.2673616409301758,0.2660610819999647
1706,0.046489231288433075,0.1237679272890091,0.2973546719999831
1707,0.08023272454738617,0.14409248530864716,0.26774529800002256
1708,0.08469751477241516,0.1688082367181778,0.2546316589999833
1709,0.051853910088539124,0.08527772128582001,0.25768139100000553
1710,0.047842904925346375,0.19841960072517395,0.25795073200004026
1711,0.0817757174372673,0.18064366281032562,0.26140596799996274
1712,0.06274627149105072,0.10052962601184845,0.2621835720000263
1713,0.05233164131641388,0.07676681131124496,0.25948173300002964
1714,0.04948863014578819,0.17282888293266296,0.25872137599992584
1715,0.04896226152777672,0.0783381387591362,0.26823919799994655
1716,0.04512392729520798,0.05303824692964554,0.25836583800003154
1717,0.05912323668599129,0.12844380736351013,0.26515612399998645
1718,0.04741493612527847,0.1070636436343193,0.2552101920000496
1719,0.04302578419446945,0.11446791142225266,0.2693338369999765
1720,0.06553877890110016,0.09743990749120712,0.26436831499995606
1721,0.07094864547252655,0.13634838163852692,0.26074874000005366
1722,0.07292937487363815,0.14579065144062042,0.2673268979999648
1723,0.15253344178199768,0.4458368420600891,0.2658269140000584
1724,0.05349331349134445,0.12698055803775787,0.2645587519999708
1725,0.12744776904582977,0.3185688853263855,0.2558041400000093
1726,0.056109681725502014,0.1318306177854538,0.2542983399999912
1727,0.04646489769220352,0.09748336672782898,0.2542696079999587
1728,0.08397703617811203,0.2523452937602997,0.2591297730000406
1729,0.04713751748204231,0.1563359498977661,0.2504705339999873
1730,0.06995714455842972,0.13629138469696045,0.2647650500000509
1731,0.06360945850610733,0.17980866134166718,0.2676798609999196
1732,0.04572290927171707,0.05954579636454582,0.2740875420000748
1733,0.05162607878446579,0.05863626301288605,0.25582052000004296
1734,0.06468148529529572,0.23641961812973022,0.2639563290000524
1735,0.043423060327768326,0.06952822953462601,0.26292207100004816
1736,0.047122277319431305,0.17607368528842926,0.2659020359999431
1737,0.0493115559220314,0.20540302991867065,0.2645300420000467
1738,0.06136498600244522,0.1148516908288002,0.2627411339999526
1739,0.17127154767513275,0.5206502676010132,0.26451892600005067
1740,0.061693575233221054,0.12943090498447418,0.2604561169999897
1741,0.05857458710670471,0.0583488866686821,0.259535425000081
1742,0.05126436799764633,0.20662231743335724,0.2628764639999872
1743,0.04462412744760513,0.12813076376914978,0.26928698999995504
1744,0.046713948249816895,0.12243402004241943,0.28802378699992914
1745,0.06684903055429459,0.17480960488319397,0.2678175950001105
1746,0.04506690800189972,0.07820002734661102,0.2614482169999519
1747,0.057621441781520844,0.13112694025039673,0.26219882099996994
1748,0.06720567494630814,0.19746951758861542,0.26260313499994936
1749,0.0638817697763443,0.34380462765693665,0.26191764800000783
1750,0.12394385039806366,0.3642089068889618,0.25832498700003725
1751,0.11378903687000275,0.300857812166214,0.27717021899991323
1752,0.06471177935600281,0.23761194944381714,0.280578883999965
1753,0.0555301308631897,0.11333204060792923,0.2666976820000855
1754,0.19178138673305511,0.4787733852863312,0.274361343999999
1755,0.07404807209968567,0.14378580451011658,0.2628917150000234
1756,0.0760028138756752,0.11213655024766922,0.2749990649999745
1757,0.14039230346679688,0.3203619122505188,0.2578036440000915
1758,0.055414456874132156,0.1058279499411583,0.277473619000034
1759,0.06964552402496338,0.10239581763744354,0.26173998800004483
1760,0.043902687728405,0.07446464896202087,0.2791384479999124
1761,0.06412281841039658,0.15413551032543182,0.2654250690000026
1762,0.04397318512201309,0.1378079354763031,0.25193647200001124
1763,0.04699920117855072,0.11627726256847382,0.2588318440000421
1764,0.04272148385643959,0.12000802159309387,0.2570646649999162
1765,0.05305636674165726,0.09598513692617416,0.2541110380000191
1766,0.048915497958660126,0.1341075599193573,0.2642946490000213
1767,0.04246889054775238,0.12342184782028198,0.2886319309999408
1768,0.05484956130385399,0.1642739474773407,0.26998342799993225
1769,0.04090140014886856,0.07181227207183838,0.2888020000000324
1770,0.06135009974241257,0.19994746148586273,0.28077001299993753
1771,0.056614622473716736,0.08368674665689468,0.2884097069999143
1772,0.05899351090192795,0.12188167124986649,0.2828746030000957
1773,0.11034289002418518,0.3741006851196289,0.2664262350000399
1774,0.04536920040845871,0.18828371167182922,0.254777249999961
1775,0.09262756258249283,0.17351211607456207,0.262620681000044
1776,0.06067100912332535,0.08758095651865005,0.26069929400000547
1777,0.08192537724971771,0.13058431446552277,0.27242368999998234
1778,0.05902569741010666,0.11741699278354645,0.29085270900009164
1779,0.05518130213022232,0.0448947437107563,0.2600578860000269
1780,0.06577947735786438,0.16154086589813232,0.2614094610000848
1781,0.041219741106033325,0.07619554549455643,0.25668151299998954
1782,0.051806334406137466,0.058364614844322205,0.261426001000018
1783,0.04550161212682724,0.06000958010554314,0.25857924599995386
1784,0.04939504712820053,0.16285596787929535,0.2643934129999934
1785,0.07625118643045425,0.18690937757492065,0.26125179899997875
1786,0.07312323898077011,0.09612083435058594,0.26312886499999877
1787,0.04479559510946274,0.17614763975143433,0.2623114240000177
1788,0.0485803447663784,0.0862622782588005,0.2631366169999865
1789,0.05919557437300682,0.2626410126686096,0.2533311610000055
1790,0.04590288922190666,0.14340177178382874,0.26276964700002736
1791,0.08735503256320953,0.2934928238391876,0.2569942790000823
1792,0.05461374670267105,0.06771980226039886,0.2599786509999831
1793,0.0795055627822876,0.15036536753177643,0.26400691799995
1794,0.08552906662225723,0.24892666935920715,0.2672162129999833
1795,0.06792236864566803,0.16446611285209656,0.26328345700005684
1796,0.04613521695137024,0.17310166358947754,0.26219447899995885
1797,0.05929241701960564,0.29576998949050903,0.26166481100005967
1798,0.046932391822338104,0.14339447021484375,0.261858729000096
1799,0.04143957048654556,0.05993058532476425,0.2635617309999816
1800,0.04383107274770737,0.1515156328678131,0.25431113399997685
1801,0.05019950866699219,0.22553694248199463,0.25875228600000355
1802,0.048963502049446106,0.07320314645767212,0.25909080999997514
1803,0.05373337119817734,0.08848916739225388,0.2619025489999558
1804,0.06987440586090088,0.18648876249790192,0.27046450799991817
1805,0.057444896548986435,0.26200205087661743,0.2624373059999243
1806,0.047203272581100464,0.2027348130941391,0.2622509479999735
1807,0.09458242356777191,0.1477363109588623,0.26487823200000093
1808,0.045782074332237244,0.12669332325458527,0.2633865569999898
1809,0.0602424219250679,0.14300526678562164,0.26096538100000544
1810,0.1699933260679245,0.3533035218715668,0.2616442180000149
1811,0.06594576686620712,0.15124689042568207,0.2594175759999189
1812,0.04351754114031792,0.20730812847614288,0.2603687309999714
1813,0.04555516690015793,0.052808456122875214,0.26209866700003204
1814,0.04509912431240082,0.10239233821630478,0.26295304799998576
1815,0.04507138207554817,0.12004997581243515,0.28211960299995553
1816,0.047004200518131256,0.08523297309875488,0.281719814999974
1817,0.07668156176805496,0.14056281745433807,0.2596011699999963
1818,0.04627861827611923,0.14581961929798126,0.26170680400002766
1819,0.05634263902902603,0.11824656277894974,0.2537732660000529
1820,0.04091550409793854,0.04651337489485741,0.2599633759999733
1821,0.05386153608560562,0.08752375841140747,0.26206491400000687
1822,0.05407872051000595,0.15903638303279877,0.2562321079999492
1823,0.20973807573318481,0.6387014389038086,0.2686742910000248
1824,0.110463947057724,0.22009213268756866,0.27004131999990477
1825,0.041457649320364,0.0575745552778244,0.27857706899999357
1826,0.04191173240542412,0.08439191430807114,0.27048081199995977
1827,0.05232494696974754,0.175421804189682,0.26856894499996997
1828,0.041423019021749496,0.11610368639230728,0.2601469379999344
1829,0.07389958202838898,0.16706569492816925,0.2607090100000278
1830,0.04456588625907898,0.1405959576368332,0.2705718820000129
1831,0.07682867348194122,0.12127178907394409,0.2653392539999686
1832,0.061691902577877045,0.07642677426338196,0.2592217139999775
1833,0.1307937651872635,0.26819947361946106,0.2636428270000124
1834,0.054414354264736176,0.13774336874485016,0.26890927799991005
1835,0.046345192939043045,0.18779964745044708,0.2599564610000016
1836,0.05289806053042412,0.169612854719162,0.2625345629999174
1837,0.04329937696456909,0.10895207524299622,0.2552795569999944
1838,0.05225541442632675,0.24336712062358856,0.2639849959999765
1839,0.04341011494398117,0.0862807035446167,0.26652510600001733
1840,0.06803064793348312,0.07896710932254791,0.2614557640000612
1841,0.07690215855836868,0.14320658147335052,0.2669625810000298
1842,0.07239620387554169,0.28850263357162476,0.25957280099999025
1843,0.04305969923734665,0.10761477053165436,0.26335509299997284
1844,0.04357702285051346,0.07161252200603485,0.26233305899995685
1845,0.06755823642015457,0.32328686118125916,0.2632559429999901
1846,0.2973722815513611,0.8080374002456665,0.26171613799999704
1847,0.05285627394914627,0.1649516075849533,0.2591204650000236
1848,0.045483920723199844,0.11516904830932617,0.26073251700006495
1849,0.06032566353678703,0.11969983577728271,0.26053601700004947
1850,0.04743020236492157,0.08215675503015518,0.26478863700003785
1851,0.04390121251344681,0.12874282896518707,0.26145133300008183
1852,0.044909968972206116,0.18626302480697632,0.2682169020000629
1853,0.09087322652339935,0.2885761857032776,0.2872973810000303
1854,0.04977451264858246,0.09082843363285065,0.2632576290000088
1855,0.05603436753153801,0.07996589690446854,0.26795877400002155
1856,0.054015062749385834,0.07758406549692154,0.2669058669999913
1857,0.04523830488324165,0.0552009753882885,0.2590426630000593
1858,0.0491013340651989,0.05123239383101463,0.25339803199995004
1859,0.0398448184132576,0.09176047146320343,0.26044572699993296
1860,0.0414394773542881,0.12891963124275208,0.26078981699993165
1861,0.04006084054708481,0.08246833831071854,0.26505814699999064
1862,0.04548016935586929,0.07887487858533859,0.257864101999985
1863,0.044896919280290604,0.07735200226306915,0.25832967899998494
1864,0.049022428691387177,0.11843357235193253,0.26203591700004836
1865,0.054684415459632874,0.1760498583316803,0.27522377800005415
1866,0.07224290072917938,0.10358216613531113,0.26707498200005375
1867,0.05516164004802704,0.10681912302970886,0.26900023999996847
1868,0.04662629961967468,0.05617043748497963,0.27796356100009234
1869,0.11746343970298767,0.33266061544418335,0.25681845500002964
1870,0.1295623630285263,0.28546297550201416,0.2700663220000479
1871,0.05078073963522911,0.11991864442825317,0.2672635960000207
1872,0.040806837379932404,0.09823454916477203,0.2790091360000133
1873,0.08092859387397766,0.29550033807754517,0.26696344800006955
1874,0.04174918681383133,0.11043131351470947,0.2582551539999258
1875,0.049443282186985016,0.1366984099149704,0.27942660499991234
1876,0.04586585983633995,0.15034393966197968,0.26023760299995047
1877,0.04659049212932587,0.10242166370153427,0.25712068000007093
1878,0.04224320128560066,0.05852231755852699,0.2681636290000142
1879,0.050946738570928574,0.19116516411304474,0.2552508989999751
1880,0.060988809913396835,0.26180508732795715,0.2681320079999523
1881,0.04638129100203514,0.12156207114458084,0.2714060700000118
1882,0.04152543097734451,0.057690829038619995,0.27267574999996214
1883,0.057478539645671844,0.20208825170993805,0.2667985519999547
1884,0.039910756051540375,0.06773246824741364,0.2758717770000203
1885,0.04922511428594589,0.0791773796081543,0.26307563700004266
1886,0.043955057859420776,0.16312536597251892,0.2669165490000296
1887,0.046867333352565765,0.1795564442873001,0.2659811900000477
1888,0.04795487970113754,0.07637004554271698,0.2743110939999269
1889,0.04159444570541382,0.1498558074235916,0.26908468299996
1890,0.06956399977207184,0.1889423131942749,0.2910926260000224
1891,0.04450658708810806,0.1340353935956955,0.2643537370000786
1892,0.05821894854307175,0.13508588075637817,0.2600349220000453
1893,0.03938920050859451,0.06368779391050339,0.2651051919999645
1894,0.07232917845249176,0.2624853253364563,0.26281223900002715
1895,0.07079531997442245,0.11811867356300354,0.26409450900007414
1896,0.1829480677843094,0.4487679600715637,0.2604749320000792
1897,0.07419256120920181,0.2902778089046478,0.2679145539999581
1898,0.040412746369838715,0.12129759788513184,0.26677576899999167
1899,0.09642183780670166,0.18797063827514648,0.26233798699990984
1900,0.050405487418174744,0.12167570739984512,0.26543107600002713
1901,0.08669436722993851,0.1940179169178009,0.2610562239999581
1902,0.14815008640289307,0.39918094873428345,0.26048124800001915
1903,0.12076276540756226,0.21638332307338715,0.2577657909999971
1904,0.06107213720679283,0.2865350544452667,0.2602602230000457
1905,0.04107721149921417,0.0446222759783268,0.2620164840000143
1906,0.05024547129869461,0.1039414256811142,0.2617535790000147
1907,0.04228609800338745,0.08947708457708359,0.2579900069999894
1908,0.041628651320934296,0.09645187854766846,0.2582767029999786
1909,0.05119159072637558,0.09230037778615952,0.26501915300002565
1910,0.10010097920894623,0.26570385694503784,0.2732681779999666
1911,0.049521319568157196,0.09561404585838318,0.25566226399996594
1912,0.04430762678384781,0.13324877619743347,0.2556994990000021
1913,0.03921651095151901,0.05655950307846069,0.26173249800001486
1914,0.04442127048969269,0.10536446422338486,0.2597943600000008
1915,0.04906127601861954,0.175742506980896,0.256675198000039
1916,0.09441079199314117,0.23103035986423492,0.26030843399996684
1917,0.04625257849693298,0.06699521839618683,0.2667463940000516
1918,0.04535188525915146,0.16526897251605988,0.2598768689999815
1919,0.04021700471639633,0.0944720134139061,0.2617306270000199
1920,0.0635092556476593,0.14651452004909515,0.25459048799996253
1921,0.0498553141951561,0.06763812899589539,0.25881233699999484
1922,0.08433662354946136,0.3485570251941681,0.26058002899992516
1923,0.07549606263637543,0.11838548630475998,0.25684225299994523
1924,0.044396236538887024,0.14772911369800568,0.2568792319999602
1925,0.04249123856425285,0.12725771963596344,0.2575655399999732
1926,0.045707691460847855,0.07044271379709244,0.2594430780000039
1927,0.0473366305232048,0.16281582415103912,0.27583227100001295
1928,0.04207231476902962,0.0896056666970253,0.26337195399992197
1929,0.04268410801887512,0.03765681013464928,0.26537572999995973
1930,0.06201174110174179,0.08942300081253052,0.26594943099996726
1931,0.043531034141778946,0.08082062751054764,0.2590495670000337
1932,0.053769975900650024,0.10199262946844101,0.2625819300000103
1933,0.03937267139554024,0.07762520760297775,0.26372377400002733
1934,0.043596357107162476,0.119526706635952,0.25971626599994124
1935,0.04233381897211075,0.10995208472013474,0.26064871400001266
1936,0.04839859530329704,0.09309674054384232,0.26382135699998344
1937,0.047787122428417206,0.167502298951149,0.2548682679999956
1938,0.09152904152870178,0.210813969373703,0.2618417790000649
1939,0.04327667877078056,0.11599951982498169,0.25696850799999993
1940,0.05039052292704582,0.17044366896152496,0.25507697199998347
1941,0.04565489664673805,0.12861736118793488,0.2543445439999914
1942,0.052320607006549835,0.08723657578229904,0.26056885100001637
1943,0.06015586853027344,0.13539958000183105,0.2577980229999639
1944,0.06284524500370026,0.10744819045066833,0.2622030200000154
1945,0.04705148562788963,0.11189046502113342,0.25620307699989553
1946,0.0436418280005455,0.06370756030082703,0.26699714200003655
1947,0.06770189106464386,0.2306516021490097,0.26356975099997726
1948,0.039299577474594116,0.06659185141324997,0.26586908799993125
1949,0.05529644340276718,0.25188326835632324,0.2605791919999092
1950,0.07888346165418625,0.09124884009361267,0.27112705499996537
1951,0.06547029316425323,0.28637203574180603,0.26342213500004164
1952,0.06049129366874695,0.09710109978914261,0.25805909600001087
1953,0.05075274407863617,0.09577283263206482,0.2662476530000504
1954,0.12005124986171722,0.24509164690971375,0.25788143600004787
1955,0.048276662826538086,0.1896696537733078,0.26365177000002404
1956,0.04701380804181099,0.1598721593618393,0.2620799110000007
1957,0.05030732974410057,0.09458015114068985,0.2559741869999925
1958,0.08097104728221893,0.15477648377418518,0.2647633129998894
1959,0.043494801968336105,0.07955660670995712,0.26777575199992043
1960,0.06324905902147293,0.07927080243825912,0.2632021719999784
1961,0.07178787887096405,0.16301915049552917,0.26224161999994067
1962,0.05048377066850662,0.09464073181152344,0.2632293590000927
1963,0.06725526601076126,0.1622462272644043,0.2584070650000285
1964,0.051505714654922485,0.06065969541668892,0.26830966699992587
1965,0.04530571401119232,0.062038205564022064,0.29039080899997316
1966,0.041693881154060364,0.07983390241861343,0.26081569099994795
1967,0.06729818135499954,0.12631824612617493,0.2601636489999919
1968,0.043631412088871,0.13272753357887268,0.26241929700006494
1969,0.06327906996011734,0.07221468538045883,0.26164382700005717
1970,0.05048359930515289,0.06973247975111008,0.2707175210000514
1971,0.04304465278983116,0.04957504943013191,0.27714654999999766
1972,0.05081033706665039,0.11401285231113434,0.2683898399999407
1973,0.05605284869670868,0.1915419101715088,0.272201310000014
1974,0.057013820856809616,0.20599615573883057,0.2680697529999634
1975,0.04818601906299591,0.0462447889149189,0.27438917000006313
1976,0.11200187355279922,0.29704511165618896,0.26567075999992085
1977,0.04539249837398529,0.14104396104812622,0.27413181399992936
1978,0.042272455990314484,0.13451004028320312,0.264833537999948
1979,0.05893216282129288,0.15679199993610382,0.26569371300001876
1980,0.0941576212644577,0.10542867332696915,0.2633778929999835
1981,0.10207990556955338,0.1952921450138092,0.26463878000004115
1982,0.04330917075276375,0.15440845489501953,0.26300857699993685
1983,0.06003793329000473,0.09735091775655746,0.2627995430000283
1984,0.043525032699108124,0.1023913025856018,0.264111803999981
1985,0.051695793867111206,0.15059177577495575,0.26239055299993197
1986,0.0407201424241066,0.05304046720266342,0.2596478489999754
1987,0.07900144159793854,0.19517038762569427,0.26595681799994964
1988,0.04102412983775139,0.1294621229171753,0.2576006989999087
1989,0.08059916645288467,0.1719035655260086,0.26135573900000963
1990,0.11145725101232529,0.24937216937541962,0.2549027109999997
1991,0.04525411128997803,0.0883234366774559,0.28338186600001336
1992,0.09252788126468658,0.19116640090942383,0.2995364610000024
1993,0.05512731522321701,0.06833651661872864,0.29375366200008557
1994,0.0662921667098999,0.07861103862524033,0.25973499199994876
1995,0.0522494912147522,0.19560205936431885,0.255066993000014
1996,0.08634334802627563,0.19199387729167938,0.25923868700010644
1997,0.05702811852097511,0.3293762803077698,0.26335198699996454
1998,0.06445953249931335,0.304804265499115,0.25905469399992853
1999,0.045042991638183594,0.16458630561828613,0.2596615270000484
2000,0.04247944429516792,0.050785671919584274,0.2645766509999703
