step,loss,grad_norm,seconds
1,0.4202452600002289,0.4942536950111389,4.549111940000046
2,0.3593156933784485,0.5381836891174316,4.788530529000013
3,0.3694901466369629,0.4905599057674408,0.3772527259999947
4,0.32592999935150146,0.509865939617157,0.40172161000003825
5,0.3353867530822754,0.5309645533561707,0.8431103220000296
6,0.3272215723991394,0.5562137961387634,0.9373052149999808
7,0.308876633644104,0.593294620513916,0.7094935869999972
8,0.27130451798439026,0.5149452090263367,1.6026853849999725
9,0.3357294797897339,0.6541150212287903,0.5836088450000148
10,0.28179675340652466,0.6184049248695374,1.5073765270000195
11,0.3036670982837677,0.748904824256897,0.36179658800000425
12,0.2966610789299011,0.7682244181632996,0.3762655589999895
13,0.26812219619750977,0.6753150224685669,0.352065395000011
14,0.27302783727645874,0.6717273592948914,0.3474170230000482
15,0.26005780696868896,0.6848040819168091,0.37658163800000466
16,0.23590832948684692,0.5909355878829956,0.3804318879999755
17,0.22490958869457245,0.5557153224945068,0.35802005800002235
18,0.2612818479537964,0.632402241230011,0.38367233900004294
19,0.2422810196876526,0.7360107898712158,1.5834423780000293
20,0.2539272904396057,0.760018527507782,0.3816991870000379
21,0.22170118987560272,0.6772699356079102,0.3703967419999685
22,0.19683131575584412,0.5343112945556641,0.37687809299995934
23,0.24088141322135925,0.8030015826225281,0.3666662779999683
24,0.20261406898498535,0.6328843832015991,0.3591032819999782
25,0.2833915650844574,0.8242583274841309,0.37008077500001946
26,0.22182884812355042,0.69815593957901,0.41667745500001274
27,0.21395274996757507,0.6975535154342651,0.3724197949999848
28,0.2250421792268753,0.795903205871582,0.3543431830000259
29,0.19974233210086823,0.6521231532096863,0.3576600289999874
30,0.23406770825386047,0.8666314482688904,0.42487160400003177
31,0.20609381794929504,0.6373715996742249,0.5782589949999988
32,0.19249257445335388,0.5029070973396301,0.5641456830000493
33,0.2159876525402069,0.7193148732185364,0.5625300640000432
34,0.2056954801082611,0.6909370422363281,0.5574258969999732
35,0.19286218285560608,0.7238222360610962,0.5644762399999763
36,0.1851992905139923,0.5962051749229431,0.5017439840000293
37,0.18529674410820007,0.569949209690094,0.588381328999958
38,0.20942267775535583,0.7304167747497559,0.614703932999987
39,0.2187511920928955,0.7015936374664307,0.4234826249999628
40,0.20464488863945007,0.6976842284202576,0.3712907830000063
41,0.22862917184829712,0.6415413022041321,1.3196418940000285
42,0.19593900442123413,0.7039725184440613,0.36833244099995
43,0.18633398413658142,0.7062041759490967,0.44973268199998984
44,0.2207464873790741,0.892731249332428,0.36168730399998594
45,0.1845034807920456,0.6478168368339539,1.38908679299999
46,0.22900772094726562,0.6987945437431335,0.41221681899997975
47,0.19123190641403198,0.6662867069244385,0.42421573499996157
48,0.21443530917167664,0.6020327806472778,0.3771171970000182
49,0.18573257327079773,0.6310920119285583,0.40314308399996435
50,0.1983441263437271,0.4653996229171753,0.38622952500003294
51,0.17025472223758698,0.6259352564811707,0.48091797099999667
52,0.17325986921787262,0.5346100926399231,0.371604020999996
53,0.1976122111082077,0.7328519821166992,0.4462902259999737
54,0.1923290491104126,0.5339658260345459,0.3783235710000099
55,0.18641397356987,0.6134188771247864,0.48985211600000866
56,0.17883387207984924,0.6468260884284973,0.6517624470000101
57,0.17411895096302032,0.6787320375442505,0.6387890120000179
58,0.17196407914161682,0.6704438924789429,0.6718622979999509
59,0.16597245633602142,0.5404518842697144,0.5985881309999854
60,0.18652918934822083,0.7472206950187683,0.5611566430000039
61,0.17394602298736572,0.6816890239715576,0.6074754670000289
62,0.1605922281742096,0.5804958343505859,0.6955544570000143
63,0.1546209752559662,0.5997146368026733,0.5505359409999642
64,0.17457300424575806,0.5220609903335571,0.369989922000002
65,0.16926737129688263,0.6556225419044495,7.675079965999998
66,0.1834384948015213,0.7762071490287781,0.3697430139999369
67,0.17166689038276672,0.7075650691986084,0.35855656199998975
68,0.15697303414344788,0.647097647190094,0.3415316629999552
69,0.18402212858200073,0.8028129935264587,0.3641635879999967
70,0.2010936737060547,0.8690851330757141,0.363592232999963
71,0.16089358925819397,0.6689529418945312,0.5492736840000134
72,0.18880628049373627,0.47229570150375366,0.6583427179999717
73,0.14996162056922913,0.5908702611923218,0.5902889849999156
74,0.1553145945072174,0.6422324180603027,0.5863721740000756
75,0.16892655193805695,0.6611989736557007,0.5875874619999877
76,0.1905158907175064,0.4466954171657562,0.9317230819999622
77,0.15900425612926483,0.6578814387321472,0.3852100800000926
78,0.1644279807806015,0.5826703906059265,0.3833250960000214
79,0.1564515233039856,0.5515155792236328,0.38601110100000824
80,0.1724565327167511,0.5789286494255066,0.38099408499999754
81,0.156942218542099,0.6175267696380615,0.3796720639999194
82,0.155807226896286,0.6766936182975769,0.36667972400005056
83,0.18239825963974,0.8029881715774536,0.41252329100007046
84,0.13756364583969116,0.5784004330635071,0.4002457340000092
85,0.1609167456626892,0.667134165763855,0.3539042250000648
86,0.15343478322029114,0.6815556287765503,0.3829994339999985
87,0.16077235341072083,0.690410315990448,0.37126615099998617
88,0.16553303599357605,0.5780631899833679,0.3725517389999595
89,0.17692580819129944,0.7178677916526794,0.37491145400008463
90,0.13790041208267212,0.5874106884002686,0.36905786300008003
91,0.16742250323295593,0.5302885174751282,0.3850398239999322
92,0.14682692289352417,0.6511254906654358,0.3614640359999157
93,0.16226068139076233,0.5099095702171326,0.3670937209999465
94,0.1697176992893219,0.7666538953781128,0.39527179699996395
95,0.18724769353866577,0.6528762578964233,0.40027287800000977
96,0.15351510047912598,0.6214547157287598,0.3864495120000129
97,0.13359661400318146,0.5157831907272339,0.36730096999997386
98,0.15539543330669403,0.6465367674827576,0.375982252999961
99,0.13365709781646729,0.5389902591705322,0.39818828199997824
100,0.16293740272521973,0.6382467746734619,0.3818277229999012
101,0.13570846617221832,0.614782989025116,4.106340229000011
102,0.14796370267868042,0.6847862005233765,6.1703477559999556
103,0.12207607924938202,0.4638674557209015,0.6279280770000355
104,0.20485055446624756,0.8000527620315552,0.474370155000031
105,0.14001822471618652,0.5845364928245544,0.3817982200000074
106,0.12526434659957886,0.47990599274635315,0.3985941800000319
107,0.1447579264640808,0.6233204007148743,0.38428393899999946
108,0.15091365575790405,0.6423329710960388,0.41701612399998567
109,0.15548667311668396,0.6726698279380798,0.3885808919999931
110,0.1220618337392807,0.5150561928749084,0.38623475099996085
111,0.12805280089378357,0.5445818901062012,0.4154125709999903
112,0.15980671346187592,0.7262296676635742,0.3798522590000175
113,0.13686564564704895,0.5323010087013245,0.3929114559999789
114,0.12668396532535553,0.4618965685367584,0.39641932199998564
115,0.12991872429847717,0.5627557039260864,0.38953889100002925
116,0.14429724216461182,0.6493181586265564,0.42513531900004864
117,0.1293543130159378,0.5317858457565308,0.3620561320000206
118,0.1319793462753296,0.5660934448242188,0.37733120100000406
119,0.13466103374958038,0.5817287564277649,0.3984427820000178
120,0.1188189834356308,0.48595038056373596,0.3830916290000346
121,0.1580614447593689,0.7175843119621277,0.4000310300000365
122,0.12751924991607666,0.581371545791626,0.3962735370000132
123,0.13794630765914917,0.5755099654197693,0.39155622399999856
124,0.1177956834435463,0.5216296315193176,0.40295669300002146
125,0.14561614394187927,0.6711719632148743,0.3749474460000215
126,0.11521068215370178,0.4349531829357147,0.38582668100002593
127,0.12335613369941711,0.5433063507080078,0.4130740609999748
128,0.17060089111328125,0.7829521894454956,0.4006820330000096
129,0.11618872731924057,0.44879671931266785,0.5047705499999893
130,0.1325039267539978,0.6069393754005432,0.5957273280000095
131,0.11184212565422058,0.47547647356987,0.6140815469999552
132,0.1224759891629219,0.508328914642334,0.6093940190000353
133,0.1176581084728241,0.49476170539855957,0.6212947000000213
134,0.123655304312706,0.5682269334793091,0.6044001810000168
135,0.12314491719007492,0.5449471473693848,0.6100139879999915
136,0.13480591773986816,0.6546036601066589,0.6664946079999936
137,0.1246853843331337,0.5598252415657043,0.5983964960000208
138,0.12356989085674286,0.5514421463012695,0.39304530900000145
139,0.12310314178466797,0.5592836141586304,0.39267579799997065
140,0.13583439588546753,0.6386898159980774,0.38566240599999446
141,0.11517908424139023,0.4690365195274353,0.39811124300001666
142,0.11851166188716888,0.53017657995224,0.3888737629999923
143,0.10952639579772949,0.4411361813545227,0.3730870100000061
144,0.11574990302324295,0.511864185333252,0.3919569120000119
145,0.10777096450328827,0.45658352971076965,0.37630340300000853
146,0.1031927764415741,0.3985135555267334,0.3991219380000075
147,0.17824020981788635,0.4846472144126892,0.39882456000003685
148,0.12177196145057678,0.555309534072876,0.3860115869999845
149,0.12203473597764969,0.5328500866889954,0.4078816890000212
150,0.12154226005077362,0.537968635559082,0.3774298330000079
151,0.11393049359321594,0.4860876798629761,0.4198464219999778
152,0.10199712216854095,0.42951107025146484,0.37852001900000687
153,0.12732943892478943,0.5639971494674683,0.39740922400000045
154,0.11055416613817215,0.417544424533844,0.4257095269999809
155,0.10904290527105331,0.4333803057670593,0.3930116779999935
156,0.11537836492061615,0.4586857855319977,0.38135587900001156
157,0.12425254285335541,0.5579724311828613,0.398080436999976
158,0.11593373119831085,0.5352446436882019,0.39350552000001926
159,0.10496923327445984,0.45829489827156067,0.4018654319999655
160,0.11436022073030472,0.5053877830505371,0.3782142900000167
161,0.10661480575799942,0.45902910828590393,0.4084651889999691
162,0.11756175011396408,0.4712560176849365,0.4339010049999956
163,0.11039111018180847,0.4959315359592438,0.5597942360000161
164,0.13303837180137634,0.6268653273582458,0.6261286150000274
165,0.09699658304452896,0.4029771685600281,0.6061440800000355
166,0.09966482222080231,0.3925238847732544,0.6186842600000091
167,0.10024932026863098,0.35089293122291565,0.6494065530000057
168,0.11425074189901352,0.45184555649757385,0.5897656790000383
169,0.1081918478012085,0.4860272705554962,0.6011130059999914
170,0.14053887128829956,0.6736322641372681,0.6211501370000292
171,0.10553155839443207,0.42716291546821594,0.5483326330000295
172,0.11259220540523529,0.49677667021751404,0.3766101859999935
173,0.10593397915363312,0.4062247574329376,0.381327897999995
174,0.09834404289722443,0.3807704746723175,0.37986618499996894
175,0.09846609830856323,0.3902815878391266,0.3809148110000251
176,0.10121004283428192,0.43202507495880127,0.41269682000000785
177,0.10315980017185211,0.3936891257762909,0.39560874300002524
178,0.1140245869755745,0.44143417477607727,0.40089760699999033
179,0.11160929501056671,0.54143887758255,0.3902126259999932
180,0.11261990666389465,0.49847492575645447,0.3873628570000278
181,0.0936349630355835,0.38820841908454895,0.40197552199998654
182,0.1120012104511261,0.4517879784107208,0.3900619240000083
183,0.11685479432344437,0.5725278258323669,0.399906782999949
184,0.08882201462984085,0.36319389939308167,0.4102347879999684
185,0.10084295272827148,0.46278300881385803,0.3754813089999516
186,0.10476720333099365,0.510571300983429,0.408035735999988
187,0.10078153014183044,0.3254106938838959,0.385661908999964
188,0.09206931293010712,0.3618941605091095,0.3859843660000024
189,0.11139819025993347,0.5144039988517761,0.392843986999992
190,0.12783636152744293,0.5423272252082825,0.3852800999999886
191,0.10742443054914474,0.44536685943603516,0.3769400639999958
192,0.09136078506708145,0.42165032029151917,0.39789800899995953
193,0.12193278968334198,0.48122555017471313,0.3773130280000032
194,0.1836056411266327,0.4600355327129364,0.3820019820000198
195,0.08925051987171173,0.3459310829639435,0.41100822800001424
196,0.10575514286756516,0.49351122975349426,0.38068163200000527
197,0.09276974201202393,0.3636823892593384,0.6020578620000379
198,0.11351582407951355,0.4583205580711365,0.6060715899999991
199,0.08629763126373291,0.33157825469970703,0.6030945030000225
200,0.11873693019151688,0.36814871430397034,0.6433772230000159
201,0.09565646946430206,0.4096599221229553,0.5843185289999724
202,0.09007962048053741,0.4021000266075134,0.5971402040000271
203,0.09606735408306122,0.42511481046676636,0.6095503579999786
204,0.0922953337430954,0.4076232314109802,0.6407091849999915
205,0.08526800572872162,0.30144405364990234,0.4659386579999705
206,0.09317871183156967,0.38580307364463806,0.391558238000016
207,0.15707024931907654,0.5303211212158203,0.4026993219999895
208,0.09429778158664703,0.39127084612846375,0.39358332399996243
209,0.0876874178647995,0.2885664403438568,0.4027365659999873
210,0.09258294105529785,0.3298952281475067,0.38746863000000076
211,0.08995012938976288,0.31593847274780273,0.4219060249999984
212,0.10563516616821289,0.5604506134986877,0.409548333000032
213,0.08661575615406036,0.3468421995639801,0.4232574690000206
214,0.16083481907844543,0.4329875409603119,0.3911324810000565
215,0.09307120740413666,0.4025438725948334,0.3744941329999847
216,0.09217596799135208,0.39861539006233215,0.3950375690000101
217,0.09557002782821655,0.4468950927257538,0.4053235050000126
218,0.1054462343454361,0.48021942377090454,0.4043096970000306
219,0.09705691784620285,0.2946249842643738,0.4237380920000078
220,0.08733285218477249,0.34370332956314087,0.3780937139999878
221,0.07760033011436462,0.2565651535987854,0.3705262039999866
222,0.08541028201580048,0.34881171584129333,0.3928270870000006
223,0.08346962183713913,0.3490857183933258,0.3876369999999838
224,0.09237435460090637,0.46383699774742126,0.41689334900001995
225,0.08608508110046387,0.3775476813316345,0.37982913199999757
226,0.08451199531555176,0.34254857897758484,0.3825392239999701
227,0.10150620341300964,0.4844650328159332,0.3916351170000212
228,0.08818881213665009,0.3634313941001892,0.3954166010000222
229,0.07959271967411041,0.30287280678749084,0.40112582799997654
230,0.09450595825910568,0.45853424072265625,0.4608698999999774
231,0.10263538360595703,0.5192275643348694,0.6542620099999681
232,0.07886510342359543,0.3098819851875305,0.5901136859999951
233,0.09949488937854767,0.4961007833480835,0.5850602900000013
234,0.10650017857551575,0.49163228273391724,0.578283630000044
235,0.07884632050991058,0.2632186710834503,0.59654519999998
236,0.07966708391904831,0.3011246621608734,0.6301260980000052
237,0.094896599650383,0.3494316637516022,0.5972880770000302
238,0.07948610186576843,0.3101973533630371,0.3791461459999823
239,0.09662258625030518,0.49983254075050354,0.4137735099999986
240,0.09743497520685196,0.41895583271980286,0.3790911400000141
241,0.08216448873281479,0.30097419023513794,0.3973452870000074
242,0.083500936627388,0.37481600046157837,0.395998206999991
243,0.1103629320859909,0.4938008189201355,0.3827549889999773
244,0.08171999454498291,0.3498495817184448,0.39107173099995407
245,0.09765718132257462,0.6520746350288391,0.3853850670000156
246,0.0812884271144867,0.35786744952201843,0.39739750600000434
247,0.08108915388584137,0.3500072956085205,0.39484380699997246
248,0.07802048325538635,0.3033272624015808,0.39703547699997443
249,0.07565651834011078,0.29647770524024963,0.4113193339999839
250,0.07075470685958862,0.2796069383621216,0.38747785399999657
251,0.08551324903964996,0.36036205291748047,0.43756209000002855
252,0.10270407795906067,0.3633577227592468,0.38386359699995865
253,0.09108977019786835,0.48104792833328247,0.37532260599999745
254,0.10316777974367142,0.46433842182159424,0.38497178000000076
255,0.08386480808258057,0.385928213596344,0.3800879169999689
256,0.07626616954803467,0.2799961268901825,0.4006089189999784
257,0.08728158473968506,0.4243336617946625,0.3805949150000174
258,0.0864439457654953,0.41536298394203186,0.37101666099999875
259,0.07241666316986084,0.24341900646686554,0.560694323000007
260,0.07602617889642715,0.2770463526248932,0.6005296100000237
261,0.07481931895017624,0.32820671796798706,0.6269604109999705
262,0.08009852468967438,0.37086302042007446,0.6600321720000011
263,0.08482654392719269,0.34333309531211853,0.5993767389999789
264,0.07367026060819626,0.3107905089855194,0.6065271879999727
265,0.0734843760728836,0.2505161762237549,0.616313219999995
266,0.08939072489738464,0.36335185170173645,0.5094194410000341
267,0.07251223921775818,0.274729460477829,6.941077512999982
268,0.1875554323196411,0.6218751668930054,0.40560304199999564
269,0.10285591334104538,0.368522971868515,0.3895340649999639
270,0.07817976176738739,0.3265913128852844,0.4100485449999951
271,0.0888691395521164,0.37299594283103943,0.4273048249999647
272,0.07244667410850525,0.27769672870635986,0.3982255600000144
273,0.07742555439472198,0.30321502685546875,0.424191430999997
274,0.08133462816476822,0.2715361714363098,0.5186543410000013
275,0.08255596458911896,0.29561930894851685,0.6578284799999778
276,0.07135152816772461,0.21370919048786163,0.6298356500000182
277,0.08365531265735626,0.4043954312801361,0.6475727369999618
278,0.07355624437332153,0.23879536986351013,0.6494671919999746
279,0.06611954420804977,0.2066221982240677,0.6494143469999472
280,0.07577742636203766,0.28465574979782104,0.7028286109999726
281,0.08896154910326004,0.3037089407444,0.4403916910000021
282,0.07230235636234283,0.2925170063972473,0.4116196179999747
283,0.07249121367931366,0.303448349237442,0.3973102260000019
284,0.07679162919521332,0.30298614501953125,0.44813206899999614
285,0.07599249482154846,0.3876674175262451,0.4031486879999875
286,0.07208891212940216,0.2515742778778076,0.40112446699998827
287,0.11400270462036133,0.3850589096546173,0.41427338200003305
288,0.06612646579742432,0.2020982950925827,0.426627773000007
289,0.073248490691185,0.3439632058143616,0.4169492240000068
290,0.0761033147573471,0.3604297935962677,0.4157378680000079
291,0.08370422571897507,0.29381465911865234,0.46508610699999053
292,0.08301721513271332,0.319441020488739,0.4076226280000128
293,0.06674288213253021,0.24981892108917236,0.39940312099997755
294,0.08834166824817657,0.4049258530139923,0.43173244000001887
295,0.06846083700656891,0.2987251579761505,0.4232998109999926
296,0.06456506252288818,0.2012026309967041,0.4175375560000134
297,0.06947784125804901,0.2629368007183075,0.4109168990000285
298,0.07886701077222824,0.29192426800727844,0.4108725570000047
299,0.0714854821562767,0.30591097474098206,0.3970843470000318
300,0.0739261656999588,0.33008715510368347,0.38141695800004527
301,0.06458765268325806,0.2623331844806671,0.3807709860000159
302,0.09045116603374481,0.41546720266342163,0.4120624730000486
303,0.08471989631652832,0.5250775218009949,0.39652997300004245
304,0.08013434708118439,0.31177613139152527,0.39934655799999064
305,0.06723347306251526,0.2268996238708496,0.5096446000000014
306,0.08755353093147278,0.4195406436920166,0.597299023000005
307,0.08288158476352692,0.32980796694755554,0.5641224499999566
308,0.08286550641059875,0.3634902536869049,0.6063917020000531
309,0.06493694335222244,0.2072477489709854,0.5653209270000161
310,0.06796074658632278,0.2954323887825012,0.5807164479999756
311,0.07301757484674454,0.34271112084388733,0.6297631799999976
312,0.090744748711586,0.3249560594558716,0.5074719330000335
313,0.07754814624786377,0.349378377199173,0.3923965739999744
314,0.08232586085796356,0.42634502053260803,0.3964061499999616
315,0.062041305005550385,0.18004131317138672,0.37277661100000614
316,0.0776745080947876,0.26586174964904785,0.39409490700001015
317,0.062480904161930084,0.19454583525657654,0.39350414599999795
318,0.07402074337005615,0.22179168462753296,0.3772703189999902
319,0.07720017433166504,0.3919127881526947,0.37440202999999883
320,0.10402269661426544,0.48699629306793213,0.4097554470000091
321,0.0702158585190773,0.2926976680755615,0.38088289099999884
322,0.06578795611858368,0.23126207292079926,0.39882014899995966
323,0.07675327360630035,0.3611988127231598,0.39153481099998544
324,0.06940849125385284,0.2264680564403534,0.3642723120000255
325,0.07353883981704712,0.25850558280944824,0.39288409200003116
326,0.06462633609771729,0.21477152407169342,0.3698827329999972
327,0.06102437525987625,0.18037009239196777,0.38720760100000007
328,0.06565424799919128,0.18943321704864502,0.38627519099998153
329,0.07187523692846298,0.2073286771774292,0.37313651400000936
330,0.06790073215961456,0.2107304036617279,0.3940687240000216
331,0.0683039128780365,0.23143167793750763,0.36936244800000395
332,0.06002845615148544,0.15941736102104187,0.38222000299998626
333,0.10060322284698486,1.1311283111572266,0.4071763590000046
334,0.0667252242565155,0.25143730640411377,0.39312502599995014
335,0.07193874567747116,0.2939869165420532,0.381413101000021
336,0.06987151503562927,0.24655312299728394,0.40943967599997677
337,0.07842603325843811,0.2851838767528534,0.38375569100003304
338,0.062437549233436584,0.24408914148807526,0.5760151230000474
339,0.06366817653179169,0.19871166348457336,0.6114910519999626
340,0.06979694962501526,0.2872420847415924,0.5750189670000054
341,0.06231214851140976,0.24291430413722992,0.6120414839999739
342,0.06929469853639603,0.17629875242710114,0.5750247240000022
343,0.07790850102901459,0.36058640480041504,0.594025672999976
344,0.0692499577999115,0.30786314606666565,0.5825025879999544
345,0.0656493604183197,0.2731914818286896,0.3924979800000301
346,0.06050887331366539,0.17801038920879364,0.4101775760000237
347,0.07778196036815643,0.4251953065395355,0.3834622680000166
348,0.059549372643232346,0.19191260635852814,0.3939532599999893
349,0.07328712940216064,0.2952832281589508,0.39583378200001107
350,0.06649273633956909,0.21138806641101837,0.3692367809999837
351,0.05771298706531525,0.15276695787906647,0.41907749500001046
352,0.08413165807723999,0.38962748646736145,0.37492116300001044
353,0.05957896262407303,0.16523179411888123,0.42571939700002304
354,0.07088327407836914,0.26305297017097473,0.3935756870000091
355,0.0774669498205185,0.3109927177429199,0.38327996299994993
356,0.06656187772750854,0.2505528926849365,0.4165754260000085
357,0.06419165432453156,0.25005173683166504,0.3799258529999747
358,0.06911023706197739,0.21401995420455933,0.4174204619999955
359,0.06051190197467804,0.1996021866798401,0.3949562019999462
360,0.06248629838228226,0.22191372513771057,0.39153853199997
361,0.15309284627437592,0.5372938513755798,0.42255297399998426
362,0.06435142457485199,0.29530569911003113,0.3938092010000105
363,0.06122871860861778,0.2110832929611206,0.3748212339999668
364,0.057817861437797546,0.1780710220336914,0.4011223470000118
365,0.061203982681035995,0.24122561514377594,0.3925343509999948
366,0.05726534128189087,0.14557808637619019,0.3922177970000007
367,0.07134546339511871,0.2806331515312195,0.39973609999998416
368,0.058554328978061676,0.22177885472774506,0.3878576619999876
369,0.06380222737789154,0.20355619490146637,0.414828306000004
370,0.05546576529741287,0.14363358914852142,0.574105478999968
371,0.06309518963098526,0.2860017716884613,0.624238086000048
372,0.0669994130730629,0.20077866315841675,0.6139334279999957
373,0.07345845550298691,0.19570095837116241,0.6154851730000246
374,0.06611854583024979,0.32174673676490784,0.6060526599999889
375,0.06108272820711136,0.22613127529621124,0.6243352870000081
376,0.07008974999189377,0.3202838897705078,0.6548653290000175
377,0.05731596797704697,0.16673795878887177,0.3956443390000004
378,0.0828348845243454,0.41042906045913696,0.38733881799998926
379,0.0626525804400444,0.21163101494312286,0.40611214799997697
380,0.05668110027909279,0.18655459582805634,0.4031830829999876
381,0.06165745481848717,0.2604498267173767,0.4113047609999967
382,0.07058045268058777,0.32981279492378235,0.4112274290000073
383,0.05901642143726349,0.1612977832555771,0.36940615700001445
384,0.0697135254740715,0.18078641593456268,0.40071853099999544
385,0.07159316539764404,0.26120761036872864,0.3927373319999674
386,0.058981895446777344,0.19272169470787048,0.3929029290000017
387,0.06102215498685837,0.1371038556098938,0.3905710740000359
388,0.058255404233932495,0.16386480629444122,0.4140378779999878
389,0.06958207488059998,0.19666688144207,0.39565332199998693
390,0.06502305716276169,0.1891901195049286,0.4015704669999991
391,0.058156147599220276,0.19101932644844055,0.39295272499998646
392,0.06684260070323944,0.26239094138145447,0.3997177119999833
393,0.06308543682098389,0.15039171278476715,0.3728539210000008
394,0.058719150722026825,0.2434656023979187,0.38241317000000663
395,0.05765611678361893,0.21366554498672485,0.3946951290000129
396,0.06109710782766342,0.31548449397087097,0.38802050499998586
397,0.05873599648475647,0.23258467018604279,0.4154535449999912
398,0.05614563450217247,0.17693927884101868,0.38184622799997214
399,0.057362645864486694,0.16313529014587402,0.39790795899995146
400,0.07743115723133087,0.23409898579120636,0.40517248700001574
401,0.05624596029520035,0.11590680480003357,0.4062807630000407
402,0.05895105376839638,0.21037988364696503,0.6236279039999886
403,0.05918729305267334,0.1516864001750946,0.6123417659999859
404,0.055770955979824066,0.1773843616247177,0.6383766149999701
405,0.07990087568759918,0.45926907658576965,0.6389399540000227
406,0.07887069880962372,0.28100526332855225,0.5926393590000316
407,0.055671729147434235,0.1438523679971695,0.6012710979999838
408,0.06395026296377182,0.3472083508968353,0.6216863379999609
409,0.07405225187540054,0.3140929043292999,0.41992291100001466
410,0.06834930181503296,0.42050376534461975,0.3915211270000327
411,0.058473680168390274,0.3450717628002167,0.41961050300000124
412,0.05886777862906456,0.5387506484985352,0.39034728799998675
413,0.06815473735332489,0.2377510964870453,0.39812502099999847
414,0.05451899394392967,0.14292731881141663,0.4049255190000167
415,0.059957075864076614,1.0761008262634277,0.382213629999967
416,0.05705145746469498,0.14370915293693542,0.4021124419999751
417,0.05850302428007126,0.18014483153820038,0.40707521399997404
418,0.05787651240825653,0.17826718091964722,0.4021833099999981
419,0.06364178657531738,1.1473002433776855,0.39251715199998216
420,0.06411050260066986,0.30260857939720154,0.38159466399997655
421,0.0741494670510292,0.3336452543735504,0.4000770729999772
422,0.07212309539318085,0.3128911256790161,0.409672138000019
423,0.058161042630672455,0.18793368339538574,0.4160540519999927
424,0.059291064739227295,0.3805813789367676,0.3814465159999827
425,0.06289657950401306,1.4703936576843262,0.4040813849999836
426,0.0657901018857956,0.18319544196128845,0.4076361879999695
427,0.06288675963878632,0.2228430062532425,0.3933052589999875
428,0.09386520087718964,2.0540342330932617,0.39101783599994633
429,0.06076831743121147,0.26073989272117615,0.4189229339999656
430,0.07188878953456879,0.3061337471008301,0.3928996060000145
431,0.066346675157547,0.23773972690105438,0.4087538009999889
432,0.061224400997161865,0.24444375932216644,0.3932385009999848
433,0.06674373149871826,0.7387831807136536,0.3926837799999703
434,0.07475326955318451,0.36990419030189514,0.6143865249999862
435,0.09728500992059708,0.5744448900222778,0.5874782660000051
436,0.06518831104040146,0.22333693504333496,0.6067653559999826
437,0.06320854276418686,0.2398422211408615,0.6188027030000285
438,0.06964641064405441,0.25980937480926514,0.6015532260000214
439,0.055773328989744186,0.2954488694667816,0.6205343160000325
440,0.10950033366680145,0.3841465711593628,0.5953511059999528
441,0.0624392032623291,0.21231259405612946,0.3723130500000025
442,0.0688525140285492,0.4053936004638672,0.3989976430000297
443,0.05932306870818138,0.13644331693649292,0.3750426720000064
444,0.218547523021698,0.9390512108802795,0.3780751410000107
445,0.05936293303966522,0.1674002856016159,0.39771606999994447
446,0.07675565779209137,0.21094809472560883,0.3919668089999959
447,0.058361832052469254,0.8032840490341187,0.39292509999995673
448,0.06917119026184082,0.34961986541748047,0.38736844099997825
449,0.06229740381240845,0.19464899599552155,0.3884068940000134
450,0.08130250871181488,0.31462526321411133,0.395513373999961
451,0.06506630778312683,0.8982018828392029,0.38482559800002036
452,0.059635795652866364,0.3851393163204193,0.4001862899999651
453,0.05768697336316109,0.17054946720600128,0.4071322579999901
454,0.0780722126364708,0.3417009115219116,0.4113217089999921
455,0.060786500573158264,0.17042650282382965,0.4184446849999972
456,0.06440292298793793,0.2930459678173065,0.38324344899996277
457,0.05732408165931702,0.12866441905498505,0.3916874419999772
458,0.07979092001914978,0.3457907438278198,0.41293197499999224
459,0.0581202507019043,0.11276603490114212,0.39934299999998757
460,0.06274853646755219,0.15662115812301636,0.40929472699997405
461,0.05947097763419151,0.17489266395568848,0.3786180519999789
462,0.05807923525571823,0.13769862055778503,0.38930369499996686
463,0.06091807037591934,0.17125073075294495,0.4024704130000032
464,0.05703796446323395,0.2364526093006134,0.4011354909999909
465,0.05477110296487808,0.12902133166790009,0.37788426899999195
466,0.09105051308870316,0.3484572470188141,0.5885959920000232
467,0.06277752667665482,0.19623975455760956,0.6517654770000263
468,0.07175444811582565,0.3543212115764618,0.6782282219999729
469,0.09257833659648895,0.43268781900405884,0.6248129010000412
470,0.059165872633457184,0.25999191403388977,0.5966790150000065
471,0.0702664852142334,0.2049470692873001,0.5977130339999803
472,0.06081492453813553,0.36634764075279236,0.6100880540000162
473,0.06082404404878616,0.1798316389322281,0.41346412399997234
474,0.06418580561876297,0.20828521251678467,0.3807728240000188
475,0.06412205845117569,0.17886367440223694,0.4103463769999962
476,0.05450287088751793,0.11820822954177856,0.3819971590000364
477,0.06910773366689682,0.394909143447876,0.37284770999997363
478,0.05443158745765686,0.14877481758594513,0.3984565040000234
479,0.058576494455337524,0.11203428357839584,0.38160340900003575
480,0.054465532302856445,0.10938604176044464,0.4036996990000148
481,0.06743083149194717,0.24889671802520752,0.38620474700002205
482,0.05510726198554039,0.13859917223453522,0.37767895100000715
483,0.056056078523397446,0.18063302338123322,0.39701061599998866
484,0.0556374154984951,0.15042930841445923,0.38249453900004937
485,0.05625651031732559,0.1426827311515808,0.38402545200000304
486,0.05484260618686676,0.1386270970106125,0.43097333200000776
487,0.06455115228891373,0.21522848308086395,0.3763821239999743
488,0.057439014315605164,0.21274851262569427,0.4074236840000367
489,0.061644505709409714,0.15490935742855072,0.379530864000003
490,0.06758476793766022,0.28521543741226196,0.40239247300002035
491,0.05271429568529129,0.08561412245035172,0.4192609579999953
492,0.05878157913684845,0.16142913699150085,0.3837504630000126
493,0.055839456617832184,0.15237745642662048,0.396670443000005
494,0.07169972360134125,0.3243069350719452,0.38916721699996515
495,0.052915509790182114,0.1948588639497757,0.3838532119999627
496,0.05500197783112526,0.2121191769838333,0.4102207190000513
497,0.051685161888599396,0.14252707362174988,0.38893909900002654
498,0.05205923691391945,0.26103344559669495,0.5053727789999698
499,0.05365534871816635,0.8244288563728333,0.5894412090000287
500,0.0529978945851326,0.29308319091796875,0.6046672179999746
501,0.053073782473802567,0.1561771184206009,0.7162682810000547
502,0.05570172145962715,0.22715047001838684,0.4936459890000151
503,0.07789041101932526,0.6547000408172607,0.40467728699996997
504,0.052892763167619705,0.14634455740451813,0.38964631599998256
505,0.04988987743854523,0.08950995653867722,0.3767970300000343
506,0.05801619589328766,0.2512500584125519,0.40666474099998595
507,0.0634029358625412,0.514205276966095,0.36482435200002783
508,0.06253302097320557,0.2892654836177826,0.3767921500000284
509,0.06772850453853607,0.2857714891433716,0.40324082800009364
510,0.05999666824936867,0.2092682123184204,0.39446157999998377
511,0.05028997361660004,0.12323088198900223,0.41510092600003645
512,0.051658548414707184,0.3568747937679291,0.38556205700001556
513,0.05585420876741409,0.21735261380672455,0.38868802999991203
514,0.07551074028015137,0.3600831925868988,0.3898115609999877
515,0.08002182841300964,0.30743375420570374,0.3766873570000371
516,0.0634448230266571,0.1563664972782135,0.3689401449998968
517,0.06121457740664482,0.49209314584732056,0.3801983120000614
518,0.05048469454050064,0.29061999917030334,0.3811672389999785
519,0.060208942741155624,0.579201877117157,0.39788398700000016
520,0.05291694402694702,0.15910448133945465,0.4188377840000612
521,0.05598684027791023,0.2496795803308487,0.38779399300005934
522,0.06673793494701385,0.2451932281255722,0.39506066200010537
523,0.06808966398239136,0.23887899518013,0.3831921669999474
524,0.055546220391988754,0.15224362909793854,0.40641128099991874
525,0.060534536838531494,0.15797512233257294,0.3830001459999721
526,0.053828053176403046,0.11183760315179825,0.3975133139999798
527,0.06626421213150024,0.266509085893631,0.46678664799992475
528,0.06436066329479218,0.2303389459848404,0.8559418520000008
529,0.06093597412109375,0.2074057161808014,8.331032691000019
530,0.06566833704710007,0.37830784916877747,0.40076191799994376
531,0.05575409531593323,0.1597854346036911,0.41879046500002914
532,0.051209911704063416,0.11052490025758743,0.4170805929999233
533,0.05527306720614433,0.15570609271526337,0.4519918299999972
534,0.052609317004680634,0.11600629985332489,0.4190713959999357
535,0.060364656150341034,0.47834452986717224,0.4113574499999686
536,0.05545194074511528,0.1645793914794922,0.396671361000017
537,0.054359134286642075,0.3364381492137909,0.4301266319999968
538,0.05037478730082512,0.33668252825737,0.42292545499992684
539,0.05189509689807892,0.1636236160993576,0.41385519899995415
540,0.05399368703365326,0.13073576986789703,0.4165261929999815
541,0.053034327924251556,0.11235509067773819,0.5419529429999557
542,0.051624082028865814,0.1271660476922989,0.6822471049999876
543,0.052342869341373444,0.1073879525065422,0.6776520079999955
544,0.06503956019878387,0.3331126868724823,0.6608814490000441
545,0.05455159395933151,0.16731280088424683,0.6802036049999742
546,0.05296260863542557,0.11174950748682022,0.6600230930000635
547,0.051716290414333344,0.4653046429157257,0.6520150600000534
548,0.056289203464984894,0.15682333707809448,0.42939594599999964
549,0.060396675020456314,0.21285992860794067,0.40970977299991773
550,0.05257541686296463,0.18539659678936005,0.4375349700000015
551,0.07837098836898804,0.34786099195480347,0.4024638050000249
552,0.0684090182185173,0.7421656847000122,0.40495427000007567
553,0.05740465968847275,0.16425208747386932,0.4237196159999712
554,0.13105490803718567,0.8680670261383057,0.3819968229998949
555,0.05607373267412186,0.18342013657093048,0.3883334129999412
556,0.08888732641935349,0.646065354347229,0.4047673710000481
557,0.05523451417684555,0.21245089173316956,0.3977752959999634
558,0.06196524575352669,0.1989360749721527,0.4349231520000103
559,0.05578523501753807,0.1545572131872177,0.39227120500004276
560,0.055785126984119415,0.1879606395959854,0.4057012550000536
561,0.05605756491422653,0.14641255140304565,0.4389373550000073
562,0.055471450090408325,0.5770571231842041,0.40144645899999887
563,0.05195567011833191,0.11117980629205704,0.4039719460000697
564,0.1575821340084076,1.4251861572265625,0.3820490499999778
565,0.05401993542909622,0.5550444722175598,0.40720869599999787
566,0.05156710743904114,0.10027123987674713,0.41310744999998406
567,0.05528392642736435,0.21365804970264435,0.4106084899999587
568,0.055851683020591736,0.16191141307353973,0.3967232329999888
569,0.05080091953277588,0.14070585370063782,0.4040835220000645
570,0.05361354723572731,0.1276828646659851,0.3930011030000742
571,0.05314839258790016,0.21715079247951508,0.4085051280000016
572,0.051222287118434906,0.3507222533226013,0.5051889159999519
573,0.059314191341400146,0.18861398100852966,0.5885171500000297
574,0.05504497140645981,0.18785876035690308,0.5813056779999215
575,0.058212775737047195,0.29655325412750244,0.5981318650000276
576,0.054934680461883545,0.12704798579216003,0.599130655999943
577,0.05112645775079727,0.09692180156707764,0.5870794710000382
578,0.05403123050928116,0.9970099329948425,0.6195609100000183
579,0.05143846571445465,0.11161990463733673,0.478898963000006
580,0.05447157472372055,0.14715871214866638,0.37918224500003817
581,0.04902041703462601,0.06463571637868881,0.3996870000000854
582,0.053325969725847244,0.0894080102443695,0.3839571390000174
583,0.05146384984254837,0.20626336336135864,0.37840745400001197
584,0.07058515399694443,0.17810188233852386,0.39604703199995583
585,0.05312260240316391,0.07922499626874924,0.37449295100009294
586,0.10926435142755508,0.42703816294670105,0.37773579400004564
587,0.07040990144014359,0.3483343720436096,0.38438585400001557
588,0.06196187436580658,0.18474531173706055,0.3801708720000079
589,0.06915419548749924,0.2820313572883606,0.39167884799996955
590,0.052489668130874634,0.10967019945383072,0.3919486309999911
591,0.11969716846942902,0.5284335613250732,0.3717717370000173
592,0.05512608587741852,0.10228033363819122,0.4049293429999352
593,0.06531268358230591,0.21420718729496002,0.4069651290000138
594,0.06249196082353592,0.20002229511737823,0.39374798699998337
595,0.04985154792666435,0.07177016139030457,0.38805020700010573
596,0.062268175184726715,0.22037343680858612,0.36807175199999165
597,0.05478242039680481,0.1564708650112152,0.38857176099998014
598,0.05109532177448273,0.15053674578666687,0.3703673140000774
599,0.05132351443171501,0.0971575379371643,0.38092088199994123
600,0.05265195667743683,0.09522179514169693,0.42233004000001984
601,0.08117596805095673,0.3795095384120941,0.3992777359999309
602,0.05022226274013519,0.08816096186637878,0.41496735500004434
603,0.05114532262086868,0.09232020378112793,0.38127462100010234
604,0.05835139378905296,0.20163120329380035,0.3838678170000094
605,0.07340441644191742,0.2563980519771576,0.5604964990000099
606,0.09055571258068085,6.5212273597717285,0.5830163919999904
607,0.053242575377225876,0.09113821387290955,0.5929228500000363
608,0.050405487418174744,0.11145289987325668,0.5945356089999905
609,0.049589138478040695,0.08826151490211487,0.5911185940000223
610,0.06376346945762634,0.20418518781661987,0.591590162999978
611,0.054090626537799835,0.2728191018104553,0.583786694999958
612,0.06217627227306366,0.27177226543426514,0.4047547029999805
613,0.053674422204494476,0.13686345517635345,0.3723951270000043
614,0.05050494521856308,0.13789322972297668,0.385593321999977
615,0.04870019853115082,0.05539613217115402,0.4062204460000203
616,0.057261332869529724,0.41137421131134033,0.37070598200000404
617,0.05237202346324921,0.5468891263008118,0.3824316129999943
618,0.06177451089024544,0.20978166162967682,0.3859377119999863
619,0.06890559196472168,0.2712082862854004,0.3915859079999109
620,0.05535447224974632,0.1755581796169281,0.4116140630000018
621,0.06769848614931107,0.32431352138519287,0.3826190229999611
622,0.05014742910861969,0.1105109378695488,0.3792287389999274
623,0.049187205731868744,0.37329038977622986,0.391867953999963
624,0.06596282124519348,0.3018142879009247,0.3798372090000157
625,0.04842200130224228,0.06532485038042068,0.37503771699994104
626,0.04953009635210037,0.11206351965665817,0.388430734999929
627,0.06557787954807281,0.2800373136997223,0.38048747499999536
628,0.05574067682027817,0.123810775578022,0.3924194590000525
629,0.054250672459602356,0.17709992825984955,0.3886358959999825
630,0.05443674325942993,0.19003883004188538,0.3909366330000239
631,0.052139971405267715,0.14865642786026,0.40252797099992677
632,0.04958043619990349,0.09294543415307999,0.3884130980000009
633,0.05395980551838875,0.1144520565867424,0.3835217719999946
634,0.07428166270256042,0.3256007134914398,0.38083432899998115
635,0.05602309852838516,0.22169195115566254,0.3676523179999549
636,0.13946901261806488,0.595605731010437,0.3778675789999397
637,0.05880715698003769,0.1531916856765747,0.43474649099994167
638,0.05094817280769348,0.1485467255115509,0.6165826839999227
639,0.06339573860168457,0.3242584466934204,0.5792171399999688
640,0.06447845697402954,0.3268224596977234,0.6210082500000453
641,0.04801849275827408,0.09217256307601929,0.6051934609999989
642,0.05996371805667877,0.2706848978996277,0.6367025339999373
643,0.05428973585367203,0.19036328792572021,0.573985107999988
644,0.04856334254145622,0.08802387118339539,0.5941352000000961
645,0.053953178226947784,0.5212517976760864,0.44143028700000286
646,0.05005037784576416,0.10322476178407669,0.39879627100003745
647,0.051705002784729004,0.15330179035663605,0.39296337300004325
648,0.05892988666892052,0.21456974744796753,0.38050794100001895
649,0.0643996000289917,0.3302991986274719,0.39028688900009456
650,0.05870217829942703,0.22113515436649323,0.39312673500000983
651,0.04991443455219269,0.1181119978427887,0.4394529149999471
652,0.09861114621162415,0.33566272258758545,0.38537658899997496
653,0.05756600201129913,0.33769744634628296,0.3622757900000124
654,0.05217448249459267,0.1708541065454483,0.3975051859999894
655,0.06472592800855637,0.24209514260292053,0.4095229999999219
656,0.057273685932159424,0.21858982741832733,0.39591190900000583
657,0.060983721166849136,0.2251444160938263,0.3879490669999086
658,0.07472924888134003,0.31347933411598206,0.3782594509999626
659,0.051461316645145416,0.12177909910678864,0.39696155399997224
660,0.0602446049451828,0.20452098548412323,0.38123530500001834
661,0.052219897508621216,0.1346386820077896,0.3818892259999984
662,0.050517916679382324,0.13019850850105286,0.4019230339999922
663,0.05633603408932686,0.3544993996620178,0.3769315900000265
664,0.0759618803858757,0.169049471616745,0.4280530789999375
665,0.051011644303798676,0.13640180230140686,0.3797034570000051
666,0.049183279275894165,0.822411060333252,0.3789500020000105
667,0.07609708607196808,0.7164822220802307,0.40157758999998805
668,0.051775455474853516,0.1356525868177414,0.38621342099997946
669,0.1033312976360321,0.456625759601593,0.38474115199994685
670,0.06028992310166359,0.2631869316101074,0.5838909719999492
671,0.05095689743757248,0.11350206285715103,0.6292653269999846
672,0.05568012595176697,0.17859472334384918,0.5866627069999595
673,0.08410994708538055,0.3901878595352173,0.6217021579999482
674,0.04966488480567932,0.1401832103729248,0.6353230980000717
675,0.06043166667222977,0.24442128837108612,0.5981236620000345
676,0.05682472139596939,0.24723483622074127,0.6058794799999987
677,0.04969943314790726,1.0103973150253296,0.37703592900004423
678,0.04909396916627884,0.17290236055850983,0.3809523249999529
679,0.05612166225910187,0.27636152505874634,0.38924043899999106
680,0.06433117389678955,0.17382806539535522,0.37929628500000945
681,0.055509358644485474,0.18519751727581024,0.3731581140000344
682,0.049565672874450684,0.12179309874773026,0.38860557500004234
683,0.06471453607082367,0.35061487555503845,0.391589630999988
684,0.05962701141834259,0.20313046872615814,0.36707191300001796
685,0.052652955055236816,0.1241634413599968,0.3902700889999551
686,0.051177073270082474,0.16092345118522644,0.3802913830000989
687,0.052172236144542694,0.16251203417778015,0.3870906600000126
688,0.054795071482658386,0.1342095136642456,0.3715444380000008
689,0.08098417520523071,0.7540776133537292,0.3693455280000535
690,0.05766606330871582,0.1896573156118393,0.41264915099998234
691,0.06340936571359634,0.2605792284011841,0.39301854199993613
692,0.05074678361415863,0.13289444148540497,0.37312362099999064
693,0.060696542263031006,0.25130411982536316,0.38864400600004956
694,0.06733585149049759,0.19441698491573334,0.3828927779999276
695,0.05083190277218819,1.5171775817871094,0.41095292499994684
696,0.06160100921988487,0.2924426794052124,0.38271761500004686
697,0.05120854079723358,0.15108950436115265,0.37621825099995476
698,0.05492916703224182,0.1868356317281723,0.40564670200001274
699,0.05244032293558121,0.16714465618133545,0.3884936489999973
700,0.06931419670581818,0.24215753376483917,0.3742377660000784
701,0.046585097908973694,0.06406958401203156,0.4046772620000638
702,0.05505023151636124,0.22952021658420563,0.4526916650000885
703,0.04889681190252304,0.1513812392950058,0.5716181620000498
704,0.04856988787651062,0.22163352370262146,0.5930032490000485
705,0.05149129778146744,0.12100952118635178,0.604416983999954
706,0.06786008179187775,0.23103322088718414,0.5974619529999927
707,0.05219627544283867,0.157724529504776,0.6246741059999295
708,0.12893891334533691,0.5184927582740784,0.6324147069999526
709,0.0511506050825119,0.1528790146112442,0.49799757699997826
710,0.0569278784096241,0.17257268726825714,0.4000619189999952
711,0.04650937765836716,0.09158541262149811,0.39804938499992204
712,0.053733982145786285,0.12662552297115326,0.3690230029999384
713,0.05415172129869461,0.19608551263809204,0.42275362200007294
714,0.05051687732338905,0.13175393640995026,0.38221576900002674
715,0.05335857719182968,0.15997132658958435,0.3935141729999714
716,0.05455053970217705,0.22541281580924988,0.40290706799999043
717,0.04687380790710449,0.1083843931555748,0.3781588819999797
718,0.04587097465991974,0.0629803016781807,0.3997669450000103
719,0.054656337946653366,0.14153248071670532,0.3795359380000036
720,0.04814816638827324,0.07555743306875229,0.40309323799999675
721,0.05791269242763519,0.1546882838010788,0.4249378550000529
722,0.05540326610207558,0.9808895587921143,0.39725111300003846
723,0.052038222551345825,0.17751851677894592,0.3943232799999805
724,0.04661911725997925,0.12377837300300598,0.4096466709999049
725,0.049186475574970245,0.1684633493423462,0.3773990860000822
726,0.0551055483520031,0.14472761750221252,0.3908432760000551
727,0.0888308435678482,0.35758471488952637,0.38378978500009
728,0.053921379148960114,0.11932321637868881,0.3840993599999365
729,0.08850843459367752,1.2346149682998657,0.3957634289999987
730,0.0784611701965332,0.3166654109954834,0.39538931100003083
731,0.051704637706279755,0.21413111686706543,0.379054377999978
732,0.0493975430727005,0.1353362798690796,0.41610117200002605
733,0.058148838579654694,0.1864192932844162,0.39192561599998044
734,0.06616102904081345,0.23017297685146332,0.46466445700002623
735,0.05537080019712448,0.17049060761928558,0.5824248279999438
736,0.054364368319511414,0.1717320680618286,0.5959861460000866
737,0.05811132490634918,0.22362710535526276,0.5999366720000125
738,0.10480823367834091,1.35349440574646,0.5977364469999884
739,0.0717262327671051,0.2857203483581543,0.5947517120000612
740,0.058502957224845886,0.2462165504693985,0.6161255970000639
741,0.07498914003372192,0.3397972583770752,0.5846662709999464
742,0.058054521679878235,0.23772402107715607,0.40349044100003084
743,0.06464497745037079,0.27180859446525574,0.3839030209999237
744,0.05037450045347214,0.1794320046901703,0.40205059699997037
745,0.05793109908699989,0.18277327716350555,0.39384543999995003
746,0.05229110270738602,0.15555821359157562,0.41309656599992195
747,0.059363774955272675,0.2160423994064331,0.3953659310000148
748,0.05092214047908783,0.11087235808372498,0.381606589999933
749,0.060194842517375946,0.2475709766149521,0.40912211500005924
750,0.052327319979667664,0.12068216502666473,0.37829379400000107
751,0.05727245658636093,0.20999203622341156,0.4790882629999942
752,0.05402721092104912,0.21299618482589722,0.375210716999959
753,0.053355827927589417,0.1446598619222641,0.42321817499998815
754,0.04719771444797516,0.11418652534484863,0.40369483099993886
755,0.05436243861913681,2.058608055114746,0.3722843309999462
756,0.05262049287557602,0.18609550595283508,0.38969346999999743
757,0.05402899160981178,0.20778344571590424,0.38481698900000083
758,0.05331617593765259,0.13017749786376953,0.3777667560000282
759,0.04821912199258804,0.126136913895607,0.39359801000000516
760,0.06105029210448265,0.33442071080207825,0.40164382299997214
761,0.05588866025209427,0.26309025287628174,0.4048740749999524
762,0.05000339075922966,0.1933107227087021,0.3728158119999989
763,0.08106987923383713,0.3042539060115814,0.6062148319999778
764,0.054826173931360245,0.18501852452754974,0.5916515150000805
765,0.05542108416557312,0.1260930895805359,0.5887889229999246
766,0.04926951974630356,0.17066925764083862,0.5993536710000171
767,0.07527512311935425,0.6309071779251099,0.6092018889999053
768,0.05004996806383133,0.16970860958099365,0.602507500999991
769,0.05525246262550354,0.09046459943056107,0.5928176909999365
770,0.062367990612983704,0.27362823486328125,0.40360982200002127
771,0.06125512719154358,0.15858644247055054,0.3952524669999775
772,0.06759108603000641,0.16366086900234222,0.3797757109999793
773,0.05571437627077103,0.31648629903793335,0.3721227319999798
774,0.0660867765545845,0.23842979967594147,0.39359317899993584
775,0.08240793645381927,0.4616115093231201,0.3953579550000086
776,0.051465559750795364,0.2459636628627777,0.48388377599997057
777,0.05281961336731911,0.18407520651817322,6.914012866999997
778,0.050442978739738464,0.13597926497459412,0.4463382910000746
779,0.05576949566602707,0.6625605821609497,0.6292470350000485
780,0.0595552921295166,0.2703690528869629,0.6250205940000342
781,0.04919404536485672,0.09427673369646072,0.7205683619999945
782,0.072978675365448,1.8448054790496826,0.6133367050000516
783,0.05183549225330353,0.4750994145870209,0.625771665000002
784,0.05147038400173187,2.126530408859253,0.6388319269999556
785,0.04941834136843681,0.17041796445846558,0.46146439500000724
786,0.04708543419837952,0.06430074572563171,0.40168176600002425
787,0.056232184171676636,0.1055525466799736,0.41422103600007176
788,0.05273064225912094,0.09387999027967453,0.4237494109999034
789,0.05060482770204544,0.13282577693462372,0.40665894400001434
790,0.05774989351630211,0.23201073706150055,0.40064439499997206
791,0.051738157868385315,0.20348821580410004,0.41271522299996377
792,0.0487007237970829,0.0837814062833786,0.41893899199999396
793,0.048279304057359695,0.11572648584842682,0.4249150279999867
794,0.06136190518736839,0.6214578151702881,0.38895182999999633
795,0.05227716267108917,0.135007843375206,0.3994432979999374
796,0.06264424324035645,0.12201310694217682,0.3875831369999787
797,0.059135306626558304,0.27183854579925537,0.4188009920000013
798,0.06531915068626404,0.29837751388549805,0.3837281950000033
799,0.05685686320066452,0.13356606662273407,0.3925303039999335
800,0.048755012452602386,0.10006671398878098,0.4274600499999224
801,0.04956446960568428,0.09024231880903244,0.4058207980000361
802,0.050738535821437836,0.10343854874372482,0.4062053019999894
803,0.06327226012945175,0.2307002693414688,0.4028747840000051
804,0.09038345515727997,0.5904859304428101,0.38847427600001083
805,0.049805186688899994,0.13309736549854279,0.4272135530000014
806,0.05898476392030716,0.20769290626049042,0.391415893000044
807,0.05344565957784653,0.18348516523838043,0.3986925330000304
808,0.054168522357940674,0.3267000615596771,0.40784600599999976
809,0.05517291650176048,0.1904507875442505,0.43556403999991744
810,0.06256812810897827,0.28257960081100464,0.6422446530000343
811,0.05645599216222763,0.18709875643253326,0.5993401639999547
812,0.051508039236068726,0.15297459065914154,0.651324106000061
813,0.05976524204015732,0.23406733572483063,0.6321496120000347
814,0.0555465891957283,0.18828058242797852,0.5953336549999904
815,0.04682615399360657,1.7796053886413574,0.5969926789999818
816,0.05093594640493393,0.1266256719827652,0.5338458890000766
817,0.05103199928998947,0.14447741210460663,0.38023841699998684
818,0.07165981829166412,0.20919901132583618,0.39502288100004534
819,0.0613722950220108,1.0096805095672607,0.3804432619999716
820,0.04938508942723274,0.13722243905067444,0.3873056600000382
821,0.07030011713504791,0.22609834372997284,0.38125885700003437
822,0.04975102096796036,0.11448169499635696,0.38765709899996637
823,0.05335646867752075,0.5641396045684814,0.39645653100001255
824,0.05046425014734268,0.11104971915483475,0.3776204109999526
825,0.1786387860774994,1.292967677116394,0.37807332199997745
826,0.053072016686201096,5.825012683868408,0.37730395599999156
827,0.0670337900519371,3.3333494663238525,0.3624592560000792
828,0.07456927746534348,0.3535083830356598,0.3837499699999398
829,0.054150570183992386,0.1870383471250534,0.39055803599990213
830,0.0750543549656868,0.20699262619018555,0.39333180899996023
831,0.057357221841812134,0.18210312724113464,0.39097991300002377
832,0.05301597714424133,0.11141791194677353,0.39303638299998056
833,0.052073292434215546,0.11788330972194672,0.4008583379999209
834,0.05231589078903198,0.1332271546125412,0.38126801900000373
835,0.05701108276844025,0.8052525520324707,0.3927286279999862
836,0.05423346906900406,0.10193386673927307,0.42784563800000797
837,0.057472728192806244,0.16499686241149902,0.4113541950000581
838,0.05765599384903908,0.18215319514274597,0.39844297900003767
839,0.060380324721336365,0.23323863744735718,0.39355193899996266
840,0.05594043433666229,0.19131220877170563,0.40264475699996183
841,0.0499691516160965,0.0875607505440712,0.4313712599999917
842,0.05294638127088547,0.15325279533863068,0.5983246909999025
843,0.058316461741924286,0.16203679144382477,0.6050976569999875
844,0.052019134163856506,0.08781681954860687,0.5959388569999646
845,0.05378730595111847,0.09648605436086655,0.623753785999952
846,0.0488307923078537,0.10161114484071732,0.6138781949999839
847,0.049022234976291656,0.10925500839948654,0.5995865510000158
848,0.04888366535305977,0.08504495769739151,0.616170655000019
849,0.04971282556653023,0.09272624552249908,0.37034643899994535
850,0.05168440192937851,0.1085260882973671,0.379156633999969
851,0.05599328875541687,0.19945673644542694,0.40650372700008575
852,0.05432353913784027,0.1363419145345688,0.37485637800000404
853,0.05479729175567627,0.10488414764404297,0.3698808330000247
854,0.04646788910031319,0.11701130121946335,0.3970967489999566
855,0.04916873574256897,0.1296425759792328,0.4000135200000159
856,0.05177890509366989,0.690586268901825,0.399492022000004
857,0.047663614153862,0.10093261301517487,0.4052513399999498
858,0.04971449449658394,2.2478554248809814,0.422036018999961
859,0.057553425431251526,0.17275717854499817,0.4039620419999892
860,0.04857869818806648,0.13237044215202332,0.38261016200010545
861,0.0487891361117363,0.09544716030359268,0.4105242429999407
862,0.050854574888944626,0.14985854923725128,0.4065129699999943
863,0.05220942199230194,0.09512277692556381,0.384218044000022
864,0.05148858204483986,0.08905140310525894,0.40674033499999496
865,0.049643829464912415,0.10762552917003632,0.3804975210000521
866,0.05424429103732109,0.2467455118894577,0.39815269799998987
867,0.049000658094882965,0.09762068092823029,0.37668945499990514
868,0.051849283277988434,0.12349355965852737,0.38247727200007375
869,0.05452335625886917,0.17447231709957123,0.39714448099994115
870,0.0568554550409317,0.22497445344924927,0.4011810429999514
871,0.050258487462997437,0.12523695826530457,0.4022581669998999
872,0.05614586919546127,9.208956718444824,0.4057710820000011
873,0.047216348350048065,0.07160882651805878,0.3955896569999595
874,0.05905677750706673,0.26684898138046265,0.6033041279999907
875,0.13562911748886108,0.6922814846038818,0.5978853240000035
876,0.04937005043029785,0.1546480506658554,0.587806285000056
877,0.07089212536811829,0.20285974442958832,0.6184659969999302
878,0.047578081488609314,0.09903056919574738,0.6060675520000132
879,0.04843574017286301,0.08224701881408691,0.602990145999911
880,0.0665823370218277,0.20487742125988007,0.589890885999921
881,0.047984249889850616,0.09880177676677704,0.3925044640000124
882,0.05552297830581665,1.0952231884002686,0.40030249399990225
883,0.059417787939310074,0.17088663578033447,0.39106787000002896
884,0.054772987961769104,0.2087576687335968,0.40776491899998746
885,0.0784834772348404,9.043755531311035,0.3873558029999913
886,0.05467354506254196,0.12133727222681046,0.39472598199995446
887,0.06824630498886108,0.39876794815063477,0.4042439419999937
888,0.05386432260274887,0.21461577713489532,0.39454637100004675
889,0.06826138496398926,0.3049038052558899,0.38828403499996966
890,0.055648576468229294,0.16240620613098145,0.37829852499999106
891,0.0628984346985817,0.23053467273712158,0.37458532699997704
892,0.05443471670150757,0.09559489786624908,0.41010122700004104
893,0.047238800674676895,0.05940942466259003,0.3868067109999629
894,0.05209305137395859,0.15921370685100555,0.37652565999997023
895,0.06188803166151047,0.12796679139137268,0.3965996260000111
896,0.05656399577856064,0.14068976044654846,0.37140962800003763
897,0.08068575710058212,0.28897857666015625,0.3847982540000885
898,0.0500100739300251,0.1750887632369995,0.3965223420000257
899,0.05711797997355461,0.2329295128583908,0.3808396229999289
900,0.05419429764151573,0.13673613965511322,0.39813020299993696
901,0.05057176947593689,0.15399879217147827,0.3879844260000027
902,0.04872940108180046,0.08890639245510101,0.40538044800007356
903,0.05655974522233009,0.12612603604793549,0.39364390100001856
904,0.06801566481590271,0.3485505282878876,0.409136277000016
905,0.04685485363006592,0.06416177749633789,0.3883962160000465
906,0.046644482761621475,0.07608982175588608,0.584050781999963
907,0.04670476168394089,0.10257042944431305,0.6308696559999589
908,0.046797242015600204,0.07001349329948425,0.5875051189999567
909,0.0454777255654335,0.07308448851108551,0.5887870020000037
910,0.05947853997349739,0.22730645537376404,0.5765387239999882
911,0.047191932797431946,0.10070823132991791,0.5678748040000983
912,0.048326313495635986,6.142392635345459,0.5922623870000052
913,0.05025997757911682,0.08474265784025192,0.5005747760000077
914,0.048197634518146515,0.10029274225234985,0.3833100739999509
915,0.052158668637275696,0.1719287931919098,0.3929713630000151
916,0.14759844541549683,0.9638622403144836,0.38385848500001885
917,0.04908645525574684,0.14091169834136963,0.3710595419998981
918,0.05335743725299835,0.13089509308338165,0.40677694999999403
919,0.04757257550954819,0.09461480379104614,0.3853175749999309
920,0.0474860817193985,0.0823611170053482,0.4095527800000127
921,0.08939675986766815,0.31205081939697266,0.37787369299996953
922,0.047983646392822266,0.08765684068202972,0.39504610300002696
923,0.04712672531604767,0.0733521431684494,0.41689511100003074
924,0.05221540108323097,0.17749309539794922,0.38905417499995565
925,0.14025890827178955,0.7830764651298523,0.40352777200007495
926,0.07836052030324936,0.3338387906551361,0.38704561499991996
927,0.05110381916165352,0.11562145501375198,0.39184091899994655
928,0.0839553102850914,0.40294334292411804,0.38424468399989564
929,0.05485718697309494,0.22447821497917175,0.4146323280000388
930,0.04761465638875961,0.08700487017631531,0.38181802299993706
931,0.05383707955479622,0.2152615189552307,0.3900647539999227
932,0.05278860777616501,0.1631273627281189,0.38397560599992175
933,0.051335565745830536,0.12917165458202362,0.4017416860000367
934,0.04912005364894867,0.4958012104034424,0.3931729549999545
935,0.05184551328420639,0.11337215453386307,0.3861978290000252
936,0.052239760756492615,0.1504148244857788,0.4271738339999729
937,0.05219992995262146,0.11742965131998062,0.3853417369999761
938,0.07315904647111893,0.5044941902160645,0.46106573399993067
939,0.045499689877033234,0.10839472711086273,0.6047989169999255
940,0.05160142481327057,0.15461422502994537,0.6009303329999511
941,0.04940761625766754,0.14222902059555054,0.5899318339999127
942,0.046447381377220154,0.09684901684522629,0.6111026470000525
943,0.06034602224826813,0.2818494141101837,0.6163204249999126
944,0.045954957604408264,0.05238249525427818,0.58464771499996
945,0.046189211308956146,0.09049690514802933,0.5174755620000724
946,0.046242423355579376,0.056199800223112106,0.40542026800005715
947,0.04543982446193695,0.06089599058032036,0.3724805299999616
948,0.05395309627056122,0.15938429534435272,0.3787210169999753
949,0.04994313791394234,0.19217494130134583,0.38716727499991066
950,0.0645870715379715,2.187318801879883,0.36043643000004977
951,0.04989032447338104,0.22872769832611084,0.3806055790000755
952,0.05265047401189804,0.1333480179309845,0.3900437890000603
953,0.0566813200712204,0.24733607470989227,0.4017306570000301
954,0.0618082731962204,0.2151450365781784,0.4014446929999167
955,0.05260813981294632,0.15364690124988556,0.3766000640000584
956,0.046405866742134094,0.10679742693901062,0.37737748300003204
957,0.045144882053136826,0.07634766399860382,0.38157045100001596
958,0.12097135931253433,0.565639078617096,0.3740586750000148
959,0.04490017890930176,0.17156212031841278,0.37707822199990915
960,0.048615820705890656,0.10558222234249115,0.37313719200005835
961,0.04891262948513031,0.17681536078453064,0.41053855899997416
962,0.048027776181697845,2.5460479259490967,0.407688472000018
963,0.054538801312446594,0.10899226367473602,0.3691643429999658
964,0.053274933248758316,0.12491907924413681,0.3913339219999443
965,0.04785396158695221,0.07534287869930267,0.39228684600004726
966,0.04715115576982498,0.12254069000482559,0.39156152700002167
967,0.05807691067457199,0.2439659833908081,0.38674499900002957
968,0.05972597002983093,0.2320847064256668,0.38659122599995044
969,0.047952793538570404,0.09879068285226822,0.3682769999999209
970,0.04512462764978409,0.049699343740940094,0.41707543699999405
971,0.04618137329816818,0.06654468923807144,0.5839476460000697
972,0.046774618327617645,0.10497534275054932,0.6112731460000305
973,0.05795827507972717,0.19710391759872437,0.5797371160000466
974,0.04769495502114296,0.1082184761762619,0.5980295220000471
975,0.05063057318329811,0.16720715165138245,0.582006449000005
976,0.047572068870067596,0.07429055124521255,0.5961399669999992
977,0.050253041088581085,0.14793148636817932,0.6122168950000741
978,0.06589401513338089,2.785842180252075,0.37143957900002533
979,0.045473214238882065,0.09912224858999252,0.37298188499994467
980,0.04677465558052063,0.09319969266653061,0.39733361900005093
981,0.04538290202617645,0.058081917464733124,0.39641752299996824
982,0.04827918857336044,0.10353797674179077,0.38296195199995964
983,0.04702070355415344,0.07982362061738968,0.38802013600002283
984,0.06619852036237717,0.2338062971830368,0.378048867000075
985,0.05375249683856964,0.1861940622329712,0.4092027540000345
986,0.05002684146165848,0.2531088888645172,0.38434999499997957
987,0.2159176617860794,0.7087680101394653,0.38168888400002743
988,0.04639092832803726,0.11849944293498993,0.4082359289999431
989,0.06207603961229324,0.2628922760486603,0.3808227920000036
990,0.04868524521589279,0.13898669183254242,0.37911439799995605
991,0.05163281410932541,0.1804063320159912,0.4002439839999852
992,0.05887296795845032,0.24237126111984253,0.3872258950000287
993,0.047366999089717865,0.09350723028182983,0.3980355700000473
994,0.0517541840672493,0.13760703802108765,0.3770227329999898
995,0.052169069647789,0.21303175389766693,0.3788538560000916
996,0.054750580340623856,0.24145378172397614,0.39551265700004024
997,0.053377605974674225,0.20329616963863373,0.38549086000000443
998,0.0456186905503273,0.07713741809129715,0.3972163010000713
999,0.053587861359119415,0.828788161277771,0.4337980380000772
1000,0.05208616703748703,0.2079790085554123,0.3753366859999687
1001,0.0833357572555542,0.32428687810897827,0.6992566139999781
1002,0.0465114526450634,0.08283685892820358,0.6128749839999728
1003,0.04765164852142334,1.1280970573425293,0.5951147749999564
1004,0.050342217087745667,0.14363126456737518,0.5883303790000127
1005,0.049075622111558914,0.1711444854736328,0.6117911359999653
1006,0.05299436300992966,0.16347399353981018,0.5711962079999466
1007,0.046129658818244934,0.0895027443766594,0.4879106050000246
1008,0.06261911988258362,0.22531519830226898,0.3993185809999886
1009,0.05131562799215317,0.20019446313381195,0.398420729999998
1010,0.06447377800941467,0.21967856585979462,0.3995650740000656
1011,0.04852484166622162,0.10128704458475113,0.41067416099997445
1012,0.051725149154663086,0.15566430985927582,0.40111833399998886
1013,0.06284161657094955,0.2542051076889038,0.3973057969999445
1014,0.05212467536330223,0.12026876956224442,0.37876150300007794
1015,0.05833391845226288,0.26795896887779236,0.38181085400003667
1016,0.044527817517519,0.06912250816822052,0.4027409669999997
1017,0.04717771336436272,0.13947926461696625,0.3779965799999445
1018,0.0741296112537384,0.38925373554229736,0.3931558030000133
1019,0.05234704166650772,0.6038483381271362,0.3846387109999796
1020,0.049657922238111496,0.1110951229929924,0.39185090400007994
1021,0.04529638588428497,0.071576327085495,0.40214547200002926
1022,0.044404346495866776,0.059554677456617355,0.37756288200000654
1023,0.05054151639342308,0.1704326719045639,0.395819672000016
1024,0.04741509258747101,0.10337861627340317,0.3956534300000385
1025,0.057343482971191406,0.2065252810716629,0.38930421700001716
1026,0.04817523807287216,0.16363166272640228,0.41070453499992254
1027,0.05076119676232338,0.12124667316675186,0.4692907419999983
1028,0.0601298063993454,0.1698627769947052,8.851986828000008
1029,0.04946627467870712,0.07641839236021042,0.3999089810000669
1030,0.06279964745044708,0.223297119140625,0.40095770499999617
1031,0.05702241510152817,0.13296931982040405,0.40873728899998696
1032,0.044477276504039764,0.06879677623510361,0.3907552169999917
1033,0.04509150981903076,0.06651201844215393,0.3843843370000286
1034,0.05309368297457695,0.20548145473003387,0.41920453299997007
1035,0.0458829328417778,0.11697092652320862,0.39722147399993446
1036,0.045848436653614044,0.11674907803535461,0.425103781999951
1037,0.04554654285311699,0.1289559006690979,0.4118774049999274
1038,0.08496175706386566,0.5663667917251587,0.4027878800000053
1039,0.04869464039802551,0.12422309815883636,0.40308394999999564
1040,0.04662368446588516,0.0713517814874649,0.394612473000052
1041,0.05663411319255829,0.1466706097126007,0.43339939800000593
1042,0.04551307111978531,0.11521505564451218,0.41211853599997994
1043,0.047355469316244125,0.10990636795759201,0.4135274399999389
1044,0.04858245328068733,0.13788017630577087,0.4182470169999988
1045,0.04780575633049011,0.10599444061517715,0.40120359999991706
1046,0.05162428319454193,0.20005539059638977,0.6019635369999605
1047,0.0442756712436676,0.06729946285486221,0.6979948329999388
1048,0.05087410658597946,0.10837236791849136,0.6477423860000044
1049,0.13727694749832153,1.38803231716156,0.6432811070000071
1050,0.050144538283348083,0.12186912447214127,0.6738661069999807
1051,0.045505963265895844,0.09712032973766327,0.6445576869999741
1052,0.04434697702527046,0.08873298019170761,0.6494401779999635
1053,0.04981640726327896,0.10693936049938202,0.46168152999996437
1054,0.047175340354442596,0.10234567523002625,0.4113255449999542
1055,0.053923409432172775,0.229436457157135,0.435734841999988
1056,0.043578848242759705,0.0594908706843853,0.39381028800005424
1057,0.05420680344104767,0.13978971540927887,0.41240491899998233
1058,0.0481795072555542,0.14447446167469025,0.42629378400010864
1059,0.05625258386135101,0.1907205879688263,0.42204258699996444
1060,0.10743901133537292,0.37167370319366455,0.44426467900007083
1061,0.1314888745546341,2.558573007583618,0.3919064230000231
1062,0.05737368017435074,0.18766357004642487,0.41614407300005496
1063,0.04725583642721176,0.1075277030467987,0.4079498250000597
1064,0.05954275652766228,0.2300090789794922,0.4053152899999759
1065,0.04874864220619202,0.1151529997587204,0.47669302999997853
1066,0.05046461895108223,0.09640873223543167,0.40582825600006345
1067,0.04408375918865204,0.08074476569890976,0.43326153700002124
1068,0.04491099715232849,0.11251726001501083,0.39095695499997873
1069,0.049783989787101746,0.18587379157543182,0.409479948000012
1070,0.04964836686849594,0.09554179012775421,0.3967743790000213
1071,0.0538313090801239,0.26415684819221497,0.4012917979999884
1072,0.06678371131420135,0.2711361348628998,0.4080584960000806
1073,0.06877705454826355,0.30661964416503906,0.3846262910000178
1074,0.04413539171218872,0.08999413251876831,0.39058037400002377
1075,0.05905453860759735,0.2206897735595703,0.41448622399991564
1076,0.0491572767496109,1.8770337104797363,0.39349680199995873
1077,0.04716160148382187,0.08863159269094467,0.5884038159999818
1078,0.054516710340976715,22.41898536682129,0.598411427999963
1079,0.060420211404561996,0.2916122376918793,0.6071164859999953
1080,0.05016694962978363,0.13026493787765503,0.626860345999944
1081,0.04622002691030502,0.09758386015892029,0.6018229629999041
1082,0.04837338626384735,0.11829215288162231,0.5904639840000527
1083,0.04869610071182251,0.11954978108406067,0.6374109969999608
1084,0.07082321494817734,1.71214759349823,0.4518988419999914
1085,0.047250255942344666,0.7291203141212463,0.40005622700005006
1086,0.04754249006509781,0.11438921093940735,0.40559345799999846
1087,0.055911868810653687,0.1962457150220871,0.4128098590000491
1088,0.04700121283531189,5.34063196182251,0.406640828000036
1089,0.044130269438028336,0.05239686369895935,0.4028279960000418
1090,0.04624013602733612,0.12558285892009735,0.3891677209999216
1091,0.0474419891834259,0.07141565531492233,0.40136930299991036
1092,0.07093188166618347,0.43240782618522644,0.40548345900003824
1093,0.07338670641183853,0.7700576782226562,0.40064028400001916
1094,0.049662116914987564,0.14249713718891144,0.3933912869999858
1095,0.0766250491142273,0.642213761806488,0.4047319130000915
1096,0.04567021131515503,0.10560581088066101,0.4022817860000032
1097,0.051941871643066406,0.11170557886362076,0.39969983699995737
1098,0.047118090093135834,0.1143028512597084,0.4392403340000328
1099,0.04572613537311554,0.10295131802558899,0.4006873989999349
1100,0.044394128024578094,1.3465873003005981,0.4084131410000964
1101,0.045003898441791534,0.06710836291313171,0.39271789600002194
1102,0.06579812616109848,0.34133508801460266,0.3810206110000536
1103,0.04747588187456131,0.09386318922042847,0.40914079699996364
1104,0.04647377133369446,0.08413788676261902,0.3847360129999515
1105,0.046956151723861694,0.13393384218215942,0.43642249000004085
1106,0.07742060720920563,0.4348931610584259,0.3858865989999458
1107,0.05042998492717743,0.1471146047115326,0.38172636900003454
1108,0.051685623824596405,0.14482071995735168,0.4388080539999919
1109,0.05320756137371063,0.12322232127189636,0.6082588540000415
1110,0.045099928975105286,0.06354477256536484,0.6184803929999134
1111,0.04693790525197983,0.2513345777988434,0.6057585410000002
1112,0.06168306991457939,0.46993958950042725,0.6381327330000204
1113,0.052946366369724274,0.183237686753273,0.638386061999995
1114,0.062216080725193024,0.8381487131118774,0.6081455620000042
1115,0.04794050380587578,23.44972801208496,0.6347541630000251
1116,0.051786456257104874,0.11784563213586807,0.3824874509999745
1117,0.04662062227725983,0.10288229584693909,0.41654931300001863
1118,0.05183219537138939,0.2781860828399658,0.3850178049999613
1119,0.04710717499256134,0.10722509771585464,0.38578347300006044
1120,0.04467102885246277,0.06931191682815552,0.3973977749999449
1121,0.05809524655342102,0.1837255358695984,0.4022038059999886
1122,0.0659288540482521,0.2388540655374527,0.40022949800004426
1123,0.05200450122356415,0.1493937224149704,0.3809043979999842
1124,0.05015140026807785,0.17759089171886444,0.3875706919999402
1125,0.05050336569547653,0.1603442281484604,0.41739857800007485
1126,0.052714183926582336,0.18083757162094116,0.387893460999976
1127,0.04778587818145752,0.11660255491733551,0.3922794460000887
1128,0.053081952035427094,5.5167765617370605,0.3871234790000244
1129,0.053315937519073486,0.23906320333480835,0.37535611800001334
1130,0.046769142150878906,0.12152624875307083,0.401964635000013
1131,0.04569622501730919,0.06843703985214233,0.38565986599996904
1132,0.12851788103580475,1.399559736251831,0.3817598900000121
1133,0.05323614180088043,0.20254825055599213,0.40258163399994373
1134,0.050221338868141174,0.21007123589515686,0.3813376849999486
1135,0.05028027296066284,4.75123929977417,0.3791140290001067
1136,0.05056639015674591,0.10358792543411255,0.4037527069999669
1137,0.04319975525140762,0.04835893586277962,0.38661040900001353
1138,0.044190216809511185,0.11307381093502045,0.39657020399999965
1139,0.060424238443374634,0.1791253685951233,0.37757477100001324
1140,0.04701465368270874,0.0845005139708519,0.4020732120000048
1141,0.046125102788209915,0.08425997942686081,0.5139946020000252
1142,0.047707028687000275,0.09874963015317917,0.6151602240000784
1143,0.0441087931394577,0.05767986550927162,0.5865153209999789
1144,0.04626578092575073,0.7128040194511414,0.596851958000002
1145,0.04801163077354431,0.1011044904589653,0.5766926930000409
1146,0.04750979691743851,0.09865232557058334,0.625574418000042
1147,0.05336908623576164,0.18047556281089783,0.6095416759999353
1148,0.04752756655216217,12.30303955078125,0.4707285969999475
1149,0.047017380595207214,0.1138070672750473,0.38169558000004145
1150,0.04622602090239525,0.16553448140621185,0.37911619099998006
1151,0.04589463025331497,0.11640290915966034,0.39616234499999337
1152,0.04840894043445587,0.16521912813186646,0.37227508099999795
1153,0.04614824056625366,0.08890470862388611,0.41874009499997555
1154,0.053034547716379166,0.15102839469909668,0.3772051589999137
1155,0.045906998217105865,0.08907918632030487,0.37093139799992514
1156,0.047577135264873505,0.1096426323056221,0.39796944900001563
1157,0.053966157138347626,0.20360080897808075,0.3852833419999797
1158,0.044884681701660156,0.08261188119649887,0.38101863800000046
1159,0.06971064954996109,0.28056880831718445,0.39834975400003714
1160,0.045102983713150024,0.05947209894657135,0.37921916900006636
1161,0.052215576171875,0.19234226644039154,0.3904706329999499
1162,0.049286097288131714,0.13228920102119446,0.38394395599993913
1163,0.0493631549179554,0.16020841896533966,0.3800391380000292
1164,0.04771425947546959,0.09616240113973618,0.38837089699995886
1165,0.05059245973825455,0.19578124582767487,0.3899989100000312
1166,0.043741270899772644,0.08212073147296906,0.3686146520000193
1167,0.046382829546928406,0.13997888565063477,0.38101037599994925
1168,0.050965361297130585,0.09461285918951035,0.37946918000000096
1169,0.049560558050870895,0.19773240387439728,0.38989742800004024
1170,0.06232580542564392,0.3453320860862732,0.401434510999934
1171,0.05894654616713524,0.30156174302101135,0.3915507039999966
1172,0.06129883974790573,1.055433750152588,0.43654557000002114
1173,0.05020744726061821,0.14437885582447052,0.44360685200001626
1174,0.0439344123005867,0.0632162019610405,0.5925827810000328
1175,0.05923231691122055,0.21062618494033813,0.6108862700000373
1176,0.05133012682199478,0.21249458193778992,0.6176984979999816
1177,0.054020099341869354,0.24068020284175873,0.6104828249999628
1178,0.05965912342071533,0.24417245388031006,0.6100452400000904
1179,0.10239675641059875,0.6475369930267334,0.6014152800000829
1180,0.04507925733923912,0.1324419528245926,0.5910264929999585
1181,0.05777890980243683,0.18525631725788116,0.3946127729999489
1182,0.048718683421611786,0.11818099021911621,0.39540554699999575
1183,0.04764527082443237,1.5198711156845093,0.3725816070000292
1184,0.05649295449256897,0.1896737515926361,0.38703038100004505
1185,0.0464419350028038,0.08802034705877304,0.3866074559999788
1186,0.05102654546499252,0.15156535804271698,0.3799797659999058
1187,0.0673755332827568,0.2848770320415497,0.4148163930000237
1188,0.055264852941036224,0.2671946883201599,0.3909669949999852
1189,0.055116649717092514,0.18980742990970612,0.3808255149999695
1190,0.04733819514513016,0.14614756405353546,0.39363421099994866
1191,0.11133000999689102,45.017581939697266,0.40229529800001274
1192,0.04916379600763321,0.13984417915344238,0.39624457799993706
1193,0.0464116707444191,0.11777688562870026,0.3972416550000162
1194,0.0534212701022625,0.2087971568107605,0.3896759120000297
1195,0.05187658220529556,0.4179791212081909,0.4071825319999789
1196,0.04905082285404205,0.17402416467666626,0.3780971819999195
1197,0.05381770431995392,0.1469316929578781,0.38462649100006274
1198,0.04750937223434448,0.17771418392658234,0.3852389870000934
1199,0.051187898963689804,0.16631068289279938,0.3870151620000115
1200,0.05022415891289711,0.18679751455783844,0.43329344299991135
1201,0.0785464346408844,0.34360045194625854,0.3995863879999888
1202,0.04863431304693222,0.1735599786043167,0.3912945149999132
1203,0.047144174575805664,0.11020053178071976,0.41746854500001973
1204,0.04791232943534851,0.1286313682794571,0.39314171800003805
1205,0.045644886791706085,0.08753291517496109,0.4305026079999834
1206,0.044541291892528534,0.0936155691742897,0.6009763519999751
1207,0.05032975971698761,0.16284412145614624,0.6012789029999794
1208,0.04585348442196846,0.11428916454315186,0.6014513730000317
1209,0.04960936680436134,0.19553790986537933,0.6271601689999216
1210,0.04729001224040985,0.20708684623241425,0.6302641210000957
1211,0.059294067323207855,0.300028920173645,0.6161032080000268
1212,0.05105229839682579,0.11685984581708908,0.569356890999984
1213,0.043609797954559326,0.49821528792381287,0.3703553189999411
1214,0.08817581087350845,0.8205577731132507,0.37095309699998325
1215,0.05027218163013458,0.14456656575202942,0.40292961799991645
1216,0.053199462592601776,0.1495666801929474,0.37901026099996216
1217,0.047453463077545166,0.1505083441734314,0.3881003099999134
1218,0.04981066286563873,0.10685519129037857,0.4014150130000189
1219,0.05147785693407059,0.31244000792503357,0.36824356900001476
1220,0.05166644603013992,0.1835077702999115,0.39031215800002883
1221,0.05249851569533348,0.116803839802742,0.39023316800000885
1222,0.07721399515867233,0.8114002346992493,0.4042137810000668
1223,0.04426188766956329,0.09567513316869736,0.42852315699997234
1224,0.05002405866980553,0.12794578075408936,0.3821833169999991
1225,0.046660006046295166,0.12576867640018463,0.387243079999962
1226,0.06337326020002365,0.24756132066249847,0.3917055869999331
1227,0.04452667012810707,0.12806087732315063,0.4075477229999933
1228,0.06632480025291443,0.21618390083312988,0.4151921019999918
1229,0.04314877837896347,0.11604016274213791,0.4003290039999001
1230,0.04941444844007492,3.9114322662353516,0.4056484709999495
1231,0.04737541824579239,0.14869318902492523,0.4084262310000213
1232,0.04969105124473572,0.14675962924957275,0.3792960170000015
1233,0.0671900138258934,0.30811578035354614,0.41555190899998706
1234,0.19165289402008057,1.3497869968414307,0.3898622119999118
1235,0.04357260465621948,0.09162973612546921,0.40304633699997794
1236,0.052634403109550476,0.12398521602153778,0.39349872000002506
1237,0.04599533975124359,0.12605883181095123,0.39001601600000413
1238,0.04937884956598282,0.13082551956176758,0.5916973099999723
1239,0.059035032987594604,0.3025146722793579,0.6135614400000122
1240,0.056777145713567734,0.21245744824409485,0.6104473750000352
1241,0.047871463000774384,0.10445404797792435,0.6379177490000529
1242,0.046332575380802155,0.08719123154878616,0.608739933000038
1243,0.05704046040773392,0.1900309920310974,0.5624322500000289
1244,0.052312061190605164,0.10722380876541138,0.6387092359999542
1245,0.04990916699171066,0.11620788276195526,0.4046162039999217
1246,0.06077556684613228,0.23687215149402618,0.39811318500005655
1247,0.06628891825675964,0.1992945820093155,0.38095330199996624
1248,0.05387893691658974,70.80906677246094,0.4005625359999385
1249,0.0450909323990345,0.07555244863033295,0.3749940709999464
1250,0.06592325866222382,0.2073584944009781,0.37594872199997553
1251,0.04450133070349693,0.08566217869520187,0.45085838800002875
1252,0.0478791706264019,0.093635194003582,0.4051979549999487
1253,0.04682261124253273,0.1426817923784256,0.39903334600001017
1254,0.04588223993778229,0.08657146245241165,0.40358838400004515
1255,0.04389549791812897,0.09873449802398682,0.39578145399991627
1256,0.04466719180345535,0.11467528343200684,0.3960128139999597
1257,0.04829886928200722,0.18321707844734192,0.4044637970000622
1258,0.04774303734302521,0.11665762215852737,0.41623176100006276
1259,0.04478536173701286,0.11278719455003738,0.4158669749999717
1260,0.045172594487667084,0.10017912089824677,0.41973274800000127
1261,0.041472893208265305,0.07653480768203735,0.3826098270000102
1262,0.04418209567666054,0.0847729817032814,0.39171650900004806
1263,0.04689570888876915,0.10869797319173813,0.398160444000041
1264,0.050237949937582016,0.10279147326946259,0.37994852200006335
1265,0.04452669620513916,0.051360540091991425,0.3728041669999129
1266,0.0859275534749031,0.2880954444408417,0.43122243999994225
1267,0.04463628679513931,0.14109957218170166,0.5833960520000119
1268,0.060648269951343536,0.19128385186195374,0.6110782590000099
1269,0.04262221232056618,0.07130742818117142,0.6074344779999592
1270,0.05969672277569771,0.25487813353538513,0.6341189780000605
1271,0.05678315460681915,0.1970984935760498,0.6218042189999551
1272,0.059823766350746155,0.20795080065727234,0.5786554499999284
1273,0.054062698036432266,0.1986495405435562,0.6213598449999154
1274,0.042174555361270905,0.057497091591358185,0.3670976469999232
1275,0.04336628317832947,0.0822903960943222,0.3902099229999294
1276,0.05249940603971481,0.1037537008523941,0.40693744800000786
1277,0.08212042599916458,0.294990599155426,7.227951286000007
1278,0.0505344457924366,0.1460559368133545,0.3872120159999213
1279,0.046004630625247955,0.12082826346158981,0.44500249999998687
1280,0.04535776376724243,0.09836135059595108,0.38482064300001184
1281,0.04403301328420639,0.06407906860113144,0.43946543999993537
1282,0.05043208971619606,0.1037474051117897,0.6895948910000698
1283,0.057441771030426025,0.21809989213943481,0.6496277090000149
1284,0.04775722697377205,0.13422031700611115,0.6801379669999505
1285,0.05075417459011078,0.16109327971935272,0.6469633660000227
1286,0.055054157972335815,0.1979239284992218,0.6546149280000009
1287,0.04302048683166504,0.05224939435720444,0.6140576520000423
1288,0.047944456338882446,0.14037586748600006,0.629586563000089
1289,0.06414562463760376,0.27207857370376587,0.4184683160000304
1290,0.04858919233083725,0.09723686426877975,0.40057686000000103
1291,0.04506508260965347,0.09465551376342773,0.41374962399993365
1292,0.055427730083465576,0.22592788934707642,0.3958176229999708
1293,0.05158335715532303,0.15700966119766235,0.43965014100001554
1294,0.04602862522006035,0.09173887223005295,0.41606790499997715
1295,0.04396554082632065,0.13968458771705627,0.3967648730000519
1296,0.05370209366083145,0.2723817229270935,0.42455544800009193
1297,0.051758818328380585,0.22674590349197388,0.4227225280000084
1298,0.0420810841023922,0.06001006066799164,0.43378997399997843
1299,0.04725317656993866,0.16852320730686188,0.40211613700000726
1300,0.051669053733348846,0.1609801948070526,0.41410453000003145
1301,0.05328626185655594,0.2983546853065491,0.4120253199999979
1302,0.049406498670578,0.1743113398551941,0.4203340599999592
1303,0.054106276482343674,0.23778344690799713,0.43732718199999
1304,0.0823841542005539,0.3256179094314575,0.40330453800004307
1305,0.045072510838508606,0.14567038416862488,0.42670644699990135
1306,0.06933000683784485,0.38909420371055603,0.4277587400000584
1307,0.0470200851559639,0.20240207016468048,0.40846405499996763
1308,0.06368211656808853,0.3017852306365967,0.4400280439999733
1309,0.06865566223859787,0.2710869312286377,0.38977776599995195
1310,0.1014581173658371,0.44739580154418945,0.3899187739999661
1311,0.056394703686237335,0.2766466438770294,0.3989389600000095
1312,0.05662629380822182,0.2610599398612976,0.5222118719999571
1313,0.05880899727344513,0.13748577237129211,0.6336017489999222
1314,0.057519249618053436,0.20325762033462524,0.6458380230000103
1315,0.048381563276052475,0.14799688756465912,0.5799433829999998
1316,0.05146884545683861,0.2214781790971756,0.5964738430000125
1317,0.04286116734147072,0.09620029479265213,0.6322101990000419
1318,0.0424470454454422,0.2487115114927292,0.6203128299999889
1319,0.04919872432947159,0.21382646262645721,0.4924454729999752
1320,0.18598692119121552,0.8807536959648132,0.4181477659999473
1321,0.047737233340740204,0.14828240871429443,0.3933810449999555
1322,0.04441437870264053,0.07510189712047577,0.3838473260000228
1323,0.060216449201107025,0.34401407837867737,0.38111167299996396
1324,0.048339150846004486,0.16385598480701447,0.39951902799998606
1325,0.05443103611469269,0.2965000569820404,0.4135235989999728
1326,0.05627201870083809,0.2414393275976181,0.3957171089999747
1327,0.050016410648822784,0.17533667385578156,0.3929466509999884
1328,0.05143211781978607,0.17209234833717346,0.4150372359999892
1329,0.04441632330417633,0.1009625568985939,0.3884472800000367
1330,0.08302675187587738,0.38837575912475586,0.39473562499995296
1331,0.05411955714225769,0.20987124741077423,0.38988613899994107
1332,0.0445394441485405,0.09717858582735062,0.3989380360000041
1333,0.0497412383556366,0.21085350215435028,0.4017257599999766
1334,0.05247420072555542,0.18444785475730896,0.3853568979999409
1335,0.04342188686132431,0.8484786152839661,0.3858738699999549
1336,0.044071633368730545,0.062106382101774216,0.41953894199991737
1337,0.04533538222312927,0.09367731213569641,0.4031495220000352
1338,0.08239193260669708,0.34764209389686584,0.3959398530000726
1339,0.05179842561483383,0.15368127822875977,0.3971733600000107
1340,0.04461665451526642,0.10221574455499649,0.3907211150000194
1341,0.05541267991065979,0.2736283540725708,0.40575765100004446
1342,0.04604214429855347,0.1348874866962433,0.3913038109999434
1343,0.05272210016846657,0.14484727382659912,0.39031083700001545
1344,0.04749583452939987,0.13652312755584717,0.5333753130000787
1345,0.050615668296813965,0.12190678715705872,0.6303663390000338
1346,0.04517223685979843,0.06713028252124786,0.5893165160000535
1347,0.042216308414936066,0.055339280515909195,0.5876089750000801
1348,0.06414665281772614,0.31990888714790344,0.5937081170000056
1349,0.05032557249069214,0.11991089582443237,0.628482980000058
1350,0.04922906681895256,0.12392200529575348,0.6223617949999607
1351,0.044316552579402924,0.06329823285341263,0.4632417389999546
1352,0.04353819787502289,0.07998567074537277,0.39009383600000547
1353,0.0486515536904335,0.08739381283521652,0.39278973000000406
1354,0.04494936019182205,0.07706419378519058,0.38008927999999287
1355,0.05045488476753235,0.20391623675823212,0.38293663100000686
1356,0.04748374596238136,0.1787423938512802,0.39055121900003087
1357,0.043060820549726486,0.11505572497844696,0.38425437099999726
1358,0.04520418867468834,0.161857470870018,0.3900283700000955
1359,0.04273945093154907,0.09096597135066986,0.3828760599999441
1360,0.05486926808953285,0.20456263422966003,0.3724038369999789
1361,0.07613034546375275,0.3384844958782196,0.4132853679999471
1362,0.04393428564071655,0.11563941836357117,0.38671526099994935
1363,0.047762028872966766,0.10052651911973953,0.41241480600001523
1364,0.05293227732181549,0.2361343801021576,0.4179934640000056
1365,0.043911583721637726,0.10018154978752136,0.3927744050000683
1366,0.048867225646972656,0.11758256703615189,0.4165445359999467
1367,0.04770341143012047,0.11894404888153076,0.38815181200004645
1368,0.04341931641101837,0.08413691818714142,0.37576210899999296
1369,0.04620746523141861,0.123274065554142,0.3980525969999462
1370,0.042841874063014984,0.06268319487571716,0.3970250129999613
1371,0.06046944856643677,0.2560475766658783,0.38640463299998373
1372,0.0452001616358757,0.0827876478433609,0.40000623700007054
1373,0.042603325098752975,0.0730586051940918,0.3724976640000932
1374,0.05340355634689331,0.2134585678577423,0.4056302860000187
1375,0.050349071621894836,0.1791507601737976,0.39387228499992943
1376,0.056698694825172424,0.2481885552406311,0.5029345080000667
1377,0.04369500279426575,0.10298581421375275,0.5903810959999873
1378,0.0449276864528656,0.11420652270317078,0.5896689879999713
1379,0.046924859285354614,0.15918655693531036,0.6138219470000195
1380,0.13147509098052979,0.947789192199707,0.5788620650000667
1381,0.04184197634458542,0.07538686692714691,0.6286569589999544
1382,0.04777245223522186,0.13498611748218536,0.6248081210000009
1383,0.04358454793691635,0.10325151681900024,0.47372777600003246
1384,0.13539555668830872,0.7353991270065308,0.3959230269999807
1385,0.04830271750688553,0.1273987889289856,0.37859856699992633
1386,0.05305297672748566,0.2037750780582428,0.40142417500010197
1387,0.05942557752132416,0.2490892857313156,0.3838779359999762
1388,0.044987067580223083,0.09848190099000931,0.3796466720000353
1389,0.046904876828193665,0.08829102665185928,0.3902699700000767
1390,0.048573464155197144,0.16727995872497559,0.3747520990000339
1391,0.05555109307169914,0.16593216359615326,0.36939355599997725
1392,0.10367323458194733,0.6014335751533508,0.38739528899998277
1393,0.05612526461482048,0.2813538908958435,0.4003857139999809
1394,0.050753943622112274,0.11702277511358261,0.4043748599999617
1395,0.058266788721084595,0.28246575593948364,0.41163602799997534
1396,0.04475603997707367,0.10177895426750183,0.393301283000028
1397,0.045361049473285675,0.1193295419216156,0.4048266429999785
1398,0.049914322793483734,0.22558094561100006,0.3954704259999744
1399,0.04534229636192322,0.13457676768302917,0.3715209859999504
1400,0.07137363404035568,0.3825678825378418,0.392730537000034
1401,0.04936108738183975,0.13991020619869232,0.3781934390000288
1402,0.05503428354859352,0.170084148645401,0.39275631400005295
1403,0.05413196235895157,0.29542073607444763,0.3853951749999851
1404,0.0642232671380043,0.2682528495788574,0.3840289560000656
1405,0.04757998511195183,0.10844837874174118,0.3948306680000542
1406,0.04419483244419098,0.2912266254425049,0.43047719399999096
1407,0.04249286651611328,0.09582395851612091,0.429344355000012
1408,0.048092085868120193,0.15031853318214417,0.4510829340000555
1409,0.06095445156097412,0.29082292318344116,0.5823626679999734
1410,0.04946586489677429,0.6345119476318359,0.5978148079999528
1411,0.05829478055238724,0.27550679445266724,0.5934538540000176
1412,0.05585608631372452,0.19895444810390472,0.5736584620000258
1413,0.042999107390642166,0.10038092732429504,0.6201516160000438
1414,0.0536930114030838,0.17030081152915955,0.5732314069999802
1415,0.04326754808425903,0.12945644557476044,0.5698969759999954
1416,0.04463573917746544,0.1207001805305481,0.3827481490000082
1417,0.044741809368133545,0.13150644302368164,0.393373770999915
1418,0.04362007603049278,0.16317635774612427,0.36703189100001055
1419,0.041472919285297394,0.08042711019515991,0.38682787400000507
1420,0.04451926052570343,0.4692329168319702,0.4014082869999811
1421,0.05269702151417732,0.24756264686584473,0.390055330999985
1422,0.07718192040920258,0.52906733751297,0.3832065319999174
1423,0.047058530151844025,0.17302924394607544,0.38343856599999526
1424,0.04413660615682602,0.08801751583814621,0.3805582839999033
1425,0.062269508838653564,0.28907909989356995,0.3977191669999911
1426,0.08400548994541168,0.9589546322822571,0.39633792500001164
1427,0.04286865144968033,0.09634891897439957,0.38339585400001397
1428,0.04478318989276886,0.11246588081121445,0.40323582700000316
1429,0.048441145569086075,0.1836957037448883,0.3894529329999159
1430,0.06385243684053421,0.4226825535297394,0.3736436809999759
1431,0.05782673507928848,0.22706831991672516,0.4029659120000133
1432,0.06079547479748726,0.2764037549495697,0.3773361730000033
1433,0.0439712218940258,0.12790635228157043,0.3822954299999992
1434,0.043860048055648804,0.12681162357330322,0.41885005400001774
1435,0.04568400979042053,0.17309589684009552,0.38241643699996075
1436,0.05062512308359146,0.18118071556091309,0.4090126229999669
1437,0.04975896328687668,0.20697608590126038,0.3713308499999357
1438,0.048424456268548965,0.1662072241306305,0.39693717699992703
1439,0.04747937619686127,0.14793024957180023,0.38461331500002416
1440,0.044707875698804855,0.11502688378095627,0.3660047170000098
1441,0.04214346408843994,0.0927390605211258,0.5343984129999626
1442,0.050234101712703705,0.24584993720054626,0.592406106999988
1443,0.04990392178297043,16.588424682617188,0.5780817480000451
1444,0.044660117477178574,0.15377278625965118,0.5806473249999726
1445,0.06575439870357513,0.30829429626464844,0.6026587110000037
1446,0.0414656326174736,0.08811157941818237,0.5809444139999869
1447,0.09177643805742264,1.211842656135559,0.6006717069999468
1448,0.09376806765794754,0.6859057545661926,0.511864973999991
1449,0.043514735996723175,0.14430654048919678,0.39206205699997554
1450,0.04747915267944336,0.1029404029250145,0.3935349910000241
1451,0.04903028905391693,0.15997818112373352,0.41471556500005136
1452,0.05381329357624054,0.16584117710590363,0.3786727870000277
1453,0.04893355071544647,0.15355798602104187,0.37809058499999537
1454,0.05326458811759949,0.15847918391227722,0.3928106939999907
1455,0.06787687540054321,0.28890761733055115,0.39538849400003073
1456,0.046066250652074814,0.13761739432811737,0.3892810450000752
1457,0.04458685964345932,0.13164661824703217,0.381521078999981
1458,0.05027206242084503,0.11831960827112198,0.37706574799994996
1459,0.05003167688846588,0.2454441338777542,0.4037003079999977
1460,0.0451674610376358,0.12038201093673706,0.3714047880000635
1461,0.04724584519863129,0.10514167696237564,0.38563712400002714
1462,0.05443256348371506,0.235383540391922,0.38718015500001
1463,0.04286187142133713,0.0745229497551918,0.39124547799997345
1464,0.04656697064638138,0.12689737975597382,0.3999000620000288
1465,0.04344836249947548,0.11805159598588943,0.3946299720000752
1466,0.04211308807134628,0.17037644982337952,0.4041447419999713
1467,0.042146146297454834,2.471104621887207,0.40103212999997595
1468,0.04801677167415619,0.09828135371208191,0.38966448199994375
1469,0.06754844635725021,0.34788525104522705,0.38780220199998894
1470,0.052754372358322144,0.13489845395088196,0.41888845699998
1471,0.03993882238864899,0.03967224434018135,0.38669093600003634
1472,0.06193354353308678,0.21727675199508667,0.3875905840000087
1473,0.046247776597738266,0.1381550282239914,0.42458707299999787
1474,0.04589474946260452,0.15180347859859467,0.6093229969999356
1475,0.046520695090293884,0.17067810893058777,0.600422406000007
1476,0.04292134940624237,0.09085702896118164,0.6170686729999488
1477,0.04506048932671547,0.11777040362358093,0.6072672890001058
1478,0.06863835453987122,0.7338081002235413,0.6068640990000631
1479,0.0438971146941185,0.11248575150966644,0.5962395820000665
1480,0.0428452342748642,0.08797932416200638,0.5681106690000206
1481,0.054160572588443756,0.18342028558254242,0.3920386189998908
1482,0.041804295033216476,0.0609048567712307,0.41631732300004387
1483,0.042015109211206436,0.09950445592403412,0.38253539000004366
1484,0.042763300240039825,0.11623818427324295,0.38137839399996665
1485,0.0469946525990963,0.24270787835121155,0.4159043859999656
1486,0.04461488127708435,0.13224655389785767,0.39832063400001516
1487,0.042968809604644775,0.07978073507547379,0.3881607160000158
1488,0.042969364672899246,0.12661299109458923,0.3914984989999084
1489,0.04566529393196106,0.14724138379096985,0.3750165060000654
1490,0.04601620137691498,0.12124788761138916,0.403702423000027
1491,0.04593564569950104,0.17821364104747772,0.3858686830000124
1492,0.05249006673693657,0.19367913901805878,0.3882654559999992
1493,0.049481507390737534,0.12756989896297455,0.3952196710000635
1494,0.04527689516544342,0.16552360355854034,0.3867243619999954
1495,0.05237220227718353,0.14688937366008759,0.393868586999929
1496,0.04774767532944679,0.13196514546871185,0.3802192019999211
1497,0.04290180653333664,0.08838702738285065,0.37645949099999143
1498,0.04705306887626648,0.1681169867515564,0.3982776320000312
1499,0.0814029648900032,1.0211166143417358,0.3749848630000088
1500,0.04541284590959549,0.15168848633766174,0.3884091630000057
1501,0.051339179277420044,0.17160892486572266,0.4675826260000804
1502,0.11614129692316055,8.980141639709473,0.5333522500000072
1503,0.04849784076213837,0.16353288292884827,0.6013003580000031
1504,0.048275262117385864,0.17542149126529694,0.5933885819999887
1505,0.04395442456007004,0.08849722146987915,0.5958555170000182
1506,0.0457230769097805,0.09775557368993759,0.555395290999968
1507,0.048223331570625305,0.14245568215847015,0.5892517620000035
1508,0.04508845880627632,0.13112704455852509,0.6039639319999424
1509,0.05800129100680351,0.2814491093158722,0.481384606000006
1510,0.043937668204307556,0.09654927253723145,0.3789775399999371
1511,0.042412176728248596,0.08127939701080322,0.3761287549999679
1512,0.0610632449388504,0.30553120374679565,0.3975057750000133
1513,0.04471873492002487,0.09084029495716095,0.3726809879999564
1514,0.040565334260463715,0.05723831430077553,0.3775644029999512
1515,0.04713670164346695,0.1720731258392334,0.3822040040000729
1516,0.04415082931518555,0.10616081953048706,0.3859347299999172
1517,0.05316217243671417,0.3653501570224762,0.3786021340000616
1518,0.04149217531085014,0.07284028083086014,0.39675075599996035
1519,0.05163726210594177,0.1457492560148239,0.37385088000007727
1520,0.041934192180633545,0.09583894908428192,0.3887942069999326
1521,0.05647813528776169,0.1829359382390976,0.4021567089999962
1522,0.049608759582042694,0.13522779941558838,0.38444632000005186
1523,0.04396803304553032,0.16452525556087494,0.3922586300000148
1524,0.05931467190384865,0.22925451397895813,0.3909511399999701
1525,0.04878918081521988,0.15206098556518555,0.4332211459999371
1526,0.053222931921482086,0.2831427752971649,0.4202924369999437
1527,0.047422997653484344,0.1584140807390213,8.88592039799994
1528,0.050848402082920074,0.20591208338737488,0.3988925940000172
1529,0.050247468054294586,0.16074852645397186,0.40462357299998075
1530,0.04583965241909027,0.1464388519525528,0.4068981469999926
1531,0.04749990254640579,0.16185177862644196,0.41261664700004985
1532,0.0545119009912014,0.2196173220872879,0.4168750530000125
1533,0.05693100765347481,0.5082892179489136,0.4041372780000074
1534,0.041913025081157684,0.08298926055431366,0.3914592529999936
1535,0.04212458059191704,0.09278412163257599,0.40754478100006963
1536,0.056360043585300446,0.2670081853866577,0.4008813990000135
1537,0.04198680818080902,0.08737296611070633,0.4166780560000234
1538,0.049929600208997726,0.12120766937732697,0.41180380200000855
1539,0.045309774577617645,0.6316091418266296,0.3991303410000455
1540,0.041069284081459045,0.08592133969068527,0.41515719100004844
1541,0.04627466946840286,0.17924900352954865,0.42241458900002726
1542,0.06225127726793289,0.30408838391304016,0.41616956200005006
1543,0.04845964163541794,0.157505065202713,0.41314252999995915
1544,0.04645325243473053,0.17395028471946716,0.386352787000078
1545,0.054255351424217224,0.16662345826625824,0.42208230500000354
1546,0.04136939346790314,0.05223530903458595,0.3947719739999229
1547,0.040043480694293976,0.05860850587487221,0.39789243200004876
1548,0.07462713122367859,0.2317935824394226,0.6195647320000717
1549,0.07567933201789856,0.3372655212879181,0.6894193529999484
1550,0.06973683089017868,0.28444626927375793,0.6671043169999393
1551,0.048651739954948425,0.1987140029668808,0.6672683680000091
1552,0.043628428131341934,0.16115929186344147,0.6606894599999578
1553,0.046705424785614014,0.16727741062641144,0.6245927319999964
1554,0.044173017144203186,0.10350194573402405,0.6381772079998882
1555,0.04374950751662254,0.08671059459447861,0.397130726000114
1556,0.057118989527225494,0.21486346423625946,0.3898321040001065
1557,0.08573968708515167,3.142880916595459,0.4198886419999326
1558,0.04969024658203125,0.1541880965232849,0.3837503019999531
1559,0.04909035190939903,0.1539091318845749,0.40042824900001506
1560,0.043239060789346695,0.10966242849826813,0.39725688699991224
1561,0.055199842900037766,0.14080707728862762,0.40813495099996544
1562,0.04280617833137512,0.07430374622344971,0.4201274790000298
1563,0.059130437672138214,0.22210755944252014,0.38740938799992364
1564,0.04307778924703598,0.10363651067018509,0.4035549519999222
1565,0.0424141101539135,0.08934783190488815,0.41835243199989236
1566,0.0411437563598156,0.05516888201236725,0.403077082999971
1567,0.05345700681209564,0.12228848040103912,0.41923274200007654
1568,0.04175994545221329,0.07335599511861801,0.4053483740001411
1569,0.043191321194171906,0.058461856096982956,0.40626345700002275
1570,0.04251628369092941,0.06786599010229111,0.4009400029999597
1571,0.04443499445915222,0.10041885077953339,0.40477594200001477
1572,0.043446943163871765,0.11978884041309357,0.3970974339999884
1573,0.042524971067905426,0.08757495880126953,0.4184369600000082
1574,0.05602843314409256,0.259744793176651,0.41834297800005515
1575,0.044110387563705444,0.13403333723545074,0.41581358999997065
1576,0.058441199362277985,0.3393023610115051,0.4053682359999584
1577,0.05004908889532089,0.13937368988990784,0.4083729339999991
1578,0.04875928908586502,2.132432460784912,0.3775615849999667
1579,0.047132886946201324,0.15198568999767303,0.4574961460000395
1580,0.04457227513194084,0.09899736195802689,0.6164225309998983
1581,0.04984305053949356,0.18912068009376526,0.6070480300002146
1582,0.045701514929533005,0.1680765450000763,0.5839556419998644
1583,0.051990948617458344,0.2513059377670288,0.6316102809998938
1584,0.06306891143321991,0.24723607301712036,0.6132292160000361
1585,0.04118780419230461,0.055149227380752563,0.6054374889999963
1586,0.042351819574832916,0.11051072180271149,0.48368815499998163
1587,0.043677669018507004,0.13966260850429535,0.39633785199998783
1588,0.05088610202074051,0.16015246510505676,0.37548069600006784
1589,0.04885788634419441,0.14142554998397827,0.39473466699996607
1590,0.06139911711215973,0.3034206032752991,0.41188306699996247
1591,0.04585128277540207,0.1191486343741417,0.3880909550000524
1592,0.04747149348258972,0.1351265162229538,0.3960973700000068
1593,0.04304713010787964,0.06422911584377289,0.4027920789999371
1594,0.04509373754262924,0.1544712483882904,0.3860968740000317
1595,0.041987404227256775,0.0837121456861496,0.40860030499993627
1596,0.06391339004039764,0.18099038302898407,0.39306539800008977
1597,0.04321081191301346,0.08499789237976074,0.3886698549999892
1598,0.04892933741211891,0.12065573781728745,0.3947967700000845
1599,0.06412997096776962,0.16343000531196594,0.36997056299992437
1600,0.04608726501464844,0.16871199011802673,0.3913930229998641
1601,0.043613143265247345,0.07259263098239899,0.38148841399993216
1602,0.04468097537755966,0.09830839931964874,0.37863448699999935
1603,0.04245617985725403,0.10968243330717087,0.40327926700001626
1604,0.10134619474411011,2.0886363983154297,0.3907938589998139
1605,0.0437496155500412,0.07029765844345093,0.3844686009999805
1606,0.04640980064868927,0.22714808583259583,0.4145023610001317
1607,0.05703442543745041,0.19274480640888214,0.38582280300011007
1608,0.041205234825611115,0.049181755632162094,0.43078073200013023
1609,0.04969654604792595,0.1269131600856781,0.38893619100008436
1610,0.045053280889987946,0.0726807489991188,0.36992162199999257
1611,0.043550681322813034,0.14940044283866882,0.46803414600003634
1612,0.059621814638376236,1.7802377939224243,0.6224944349999078
1613,0.04869246482849121,0.13916553556919098,0.6044462489999205
1614,0.053258784115314484,0.217603400349617,0.5926364469999044
1615,0.07336102426052094,0.49103039503097534,0.5918094559999645
1616,0.06743963062763214,0.37426528334617615,0.6657881230000839
1617,0.04318949580192566,0.13648289442062378,0.575167816999965
1618,0.045216407626867294,0.09679970890283585,0.5797642929999256
1619,0.0570179745554924,0.17628374695777893,0.4120287369999005
1620,0.04342653229832649,0.09093835204839706,0.376259914000002
1621,0.051873862743377686,0.18930421769618988,0.3975889380001263
1622,0.046520330011844635,27.419246673583984,0.38986608300001535
1623,0.04323979467153549,0.0859639123082161,0.40896713699999054
1624,0.04269981384277344,0.12428700178861618,0.3811537110000245
1625,0.044266074895858765,0.16468839347362518,0.37550515800012363
1626,0.046835482120513916,0.4681536555290222,0.3858722810000472
1627,0.04397595673799515,0.28957921266555786,0.3786174800000026
1628,0.04199273884296417,0.1214793249964714,0.3740017140000873
1629,0.052962563931941986,0.17904840409755707,0.4001739750001434
1630,0.04216001182794571,0.1104559600353241,0.39271042400014267
1631,0.04442451894283295,0.13012199103832245,0.4137929539999732
1632,0.046372439712285995,0.16335086524486542,0.3824602720001167
1633,0.04259273409843445,0.06492628902196884,0.3839992700000039
1634,0.045623037964105606,0.16689813137054443,0.39021778400001494
1635,0.042289942502975464,0.09137623012065887,0.38421805400002995
1636,0.0510968342423439,0.2724815309047699,0.39080768899998475
1637,0.0437454953789711,0.10791000723838806,0.3941690529998141
1638,0.04158693552017212,0.11822371184825897,0.3720633689999886
1639,0.04474973678588867,0.12050660699605942,0.39109783899994
1640,0.04242201894521713,0.11922261863946915,0.37967084000001705
1641,0.07281368970870972,0.4921919107437134,0.37701609600003394
1642,0.06362688541412354,0.25501805543899536,0.41025925100007044
1643,0.04469126835465431,0.13781651854515076,0.38454566900009013
1644,0.04424312710762024,0.10974133014678955,0.5658708669998305
1645,0.05563740432262421,0.2597736418247223,0.5842348569999558
1646,0.0466957613825798,0.1704636663198471,0.5902353789999779
1647,0.04215549677610397,0.2387138307094574,0.5598951679999118
1648,0.040890321135520935,0.05856652557849884,0.5551948859999811
1649,0.044039227068424225,0.11655177921056747,0.6321543390001807
1650,0.0418984517455101,0.07899770140647888,0.6102558310001314
1651,0.05686959624290466,0.2661530375480652,0.46038266100003966
1652,0.0452885776758194,0.14593511819839478,0.38910722699984035
1653,0.04501190409064293,0.10737544298171997,0.3781795710001461
1654,0.053880318999290466,0.2784159779548645,0.3841580299999805
1655,0.046057168394327164,0.14849112927913666,0.392792320000126
1656,0.049015529453754425,0.15347106754779816,0.37474749099988003
1657,0.04726644605398178,4.754403114318848,0.39855991500007804
1658,0.04338403791189194,0.11871355772018433,0.4212597430000642
1659,0.044400524348020554,0.11265833675861359,0.393124374999843
1660,0.04725724458694458,0.15958455204963684,0.3938669030001165
1661,0.0480988547205925,0.12657341361045837,0.3865375440000207
1662,0.04305650666356087,0.14490388333797455,0.40257102999999006
1663,0.06575368344783783,0.34765729308128357,0.37770371700003125
1664,0.05085896700620651,0.2034718245267868,0.3780600840000261
1665,0.05976489931344986,0.14296077191829681,0.4015218740000819
1666,0.05972060561180115,0.2144189327955246,0.3784757500000069
1667,0.04133008047938347,0.07240941375494003,0.39737932699995326
1668,0.05721543729305267,0.22714290022850037,0.3949830459998793
1669,0.041187651455402374,0.10441640764474869,0.3760961699999825
1670,0.04853709787130356,0.16415071487426758,0.3991066580001643
1671,0.04747449979186058,0.11381734162569046,0.3982845460000135
1672,0.045274242758750916,0.1885705590248108,0.3841521450001437
1673,0.0851740837097168,0.9716951251029968,0.41020856099999037
1674,0.044930703938007355,0.08487512171268463,0.40244333700002244
1675,0.04095280542969704,0.08243296295404434,0.3780696149999585
1676,0.042367950081825256,0.10724882036447525,0.41803194900012386
1677,0.043023910373449326,0.11844941973686218,0.5942636979998497
1678,0.041766099631786346,0.08528391271829605,0.583118167000066
1679,0.044097401201725006,0.08881331980228424,0.6037761879999834
1680,0.04323887452483177,0.10812783986330032,0.6005292449999615
1681,0.04228213429450989,0.06798338890075684,0.6047080369999094
1682,0.05054907128214836,0.2800351679325104,0.6118108570001368
1683,0.04509890079498291,0.13659577071666718,0.5248313459999281
1684,0.04530574381351471,0.14984773099422455,0.38728515000002517
1685,0.04850897938013077,0.1808694303035736,0.42560853700001644
1686,0.04514171555638313,0.17028671503067017,0.38800788899993677
1687,0.07254581153392792,0.5149112343788147,0.38069093200010684
1688,0.04779307544231415,0.27294543385505676,0.3943570709998312
1689,0.045949894934892654,0.14491526782512665,0.3957256169999255
1690,0.05520641431212425,0.20612236857414246,0.36965752300011445
1691,0.04124056547880173,0.10002734512090683,0.40129684499993346
1692,0.04333160072565079,0.06312993168830872,0.3857306919999246
1693,0.04500947892665863,0.1724075824022293,0.3835274999999001
1694,0.04241708666086197,0.06929019838571548,0.38584515000002284
1695,0.044070057570934296,0.09595272690057755,0.3785282509998069
1696,0.04599098116159439,0.11580610275268555,0.39922045599996636
1697,0.04913526773452759,0.23784777522087097,0.3852351739999449
1698,0.04377356544137001,0.0790155753493309,0.4070071989999633
1699,0.04414832592010498,0.1494452953338623,0.414889642000162
1700,0.04140457510948181,0.10711602121591568,0.3777068800000052
1701,0.04031718522310257,0.07478261739015579,0.4177459889999682
1702,0.04685526713728905,0.18315793573856354,0.38416736999988643
1703,0.06960632652044296,0.206141397356987,0.37082439099981457
1704,0.045953597873449326,0.10803605616092682,0.41412898900011896
1705,0.050446998327970505,0.26364991068840027,0.39504278999993403
1706,0.04453481733798981,0.13796155154705048,0.39609901899984834
1707,0.04881305992603302,0.1110818013548851,0.3910991449999983
1708,0.061456792056560516,0.24283050000667572,0.40142106700000113
1709,0.04474066570401192,0.08833061158657074,0.6034912449999865
1710,0.04599017649888992,0.1930127888917923,0.6305860850000045
1711,0.05268899351358414,0.1126394048333168,0.626551997000206
1712,0.04379525035619736,0.11105147749185562,0.6108383409998623
1713,0.04229311645030975,0.06046069785952568,0.6354775410000002
1714,0.045809295028448105,0.16443616151809692,0.5915880099998958
1715,0.04218441992998123,0.06840808689594269,0.5583792380000432
1716,0.04411802068352699,0.08682350069284439,0.39757836400008273
1717,0.04612153023481369,0.16282528638839722,0.37910375000001295
1718,0.04228983074426651,0.1001361757516861,0.3910325450001437
1719,0.04192058742046356,0.09921011328697205,0.44974129399997764
1720,0.04316220432519913,0.10200925171375275,0.3927556829999048
1721,0.04902631789445877,0.1906900405883789,0.3914752150001277
1722,0.04715520143508911,0.16107583045959473,0.38895357499995953
1723,0.08976928889751434,0.6132566928863525,0.36831203099995946
1724,0.04652351140975952,0.12945283949375153,0.39945291500021085
1725,0.11576724797487259,1.2669461965560913,0.381033835999915
1726,0.04645629972219467,0.16965006291866302,0.3703152719999707
1727,0.04164706915616989,0.07515259832143784,0.37511798299988186
1728,0.05571109429001808,0.27021828293800354,0.403065333999848
1729,0.04528527706861496,0.14834286272525787,0.39496363699981885
1730,0.043779946863651276,0.0917448028922081,0.37865216900013365
1731,0.04915238171815872,0.15948210656642914,0.41548390900015875
1732,0.039690546691417694,0.05018134042620659,0.42244190699989304
1733,0.043069541454315186,0.05613831430673599,0.36399816900006954
1734,0.05128481239080429,0.23856133222579956,0.38374130500005776
1735,0.04099971801042557,0.0621715784072876,0.3858673849999832
1736,0.045938052237033844,0.16335640847682953,0.37933071099996596
1737,0.04350471869111061,0.1704181730747223,0.3907598609998786
1738,0.04823034256696701,0.12310998141765594,0.3866463870001553
1739,0.08083060383796692,0.6464086771011353,0.38273136500015426
1740,0.04402291029691696,0.08898603171110153,0.3948555160000069
1741,0.043598540127277374,0.07577871531248093,0.5984137460000056
1742,0.04708239436149597,0.19118697941303253,0.5942524089998642
1743,0.042717449367046356,0.10418527573347092,0.5861606610001218
1744,0.04722010716795921,0.14055922627449036,0.6065237569998772
1745,0.04862722009420395,0.17055021226406097,0.6004049329999361
1746,0.0409771129488945,0.053360357880592346,0.5871510350000335
1747,0.045469753444194794,0.12965285778045654,0.6057224719997976
1748,0.04694901406764984,1.3656367063522339,0.388538108000148
1749,0.06001885235309601,0.3384673297405243,0.3785232829998222
1750,0.06848511099815369,0.33945706486701965,0.4117490870000893
1751,0.09446665644645691,0.46643075346946716,0.4818078680000326
1752,0.04945109039545059,0.23070649802684784,0.4110262489998604
1753,0.051898032426834106,0.18318650126457214,0.40454902800001946
1754,0.12813155353069305,0.6529240608215332,0.455029353999862
1755,0.050047628581523895,0.187658429145813,0.3795580310002151
1756,0.04498970881104469,0.11085905134677887,0.41613669200000913
1757,0.12305385619401932,0.9186697006225586,0.3843907319999289
1758,0.04658687859773636,0.10533828288316727,0.3814232780000566
1759,0.04538435488939285,0.0830920860171318,0.3993944979999924
1760,0.044589459896087646,0.10653276741504669,0.3805400260000624
1761,0.06065242737531662,0.21698689460754395,0.3835808769999858
1762,0.04118463397026062,0.10645826905965805,0.39866607600015413
1763,0.04086650162935257,0.09147708117961884,0.3920734900000298
1764,0.04062004014849663,0.09129055589437485,0.4157352750000882
1765,0.04903186857700348,0.11807481199502945,0.3838052000000971
1766,0.04294285178184509,0.1193840503692627,0.38161390099980963
1767,0.04183546453714371,0.0933607667684555,0.3990612830000373
1768,0.04768223688006401,0.16831399500370026,0.38318082100022366
1769,0.041331902146339417,0.13142439723014832,0.5898927690000164
1770,0.05233954265713692,0.20428909361362457,0.5803101619999325
1771,0.04249298572540283,0.0947699323296547,0.6001157509999757
1772,0.04499657452106476,0.2513332962989807,0.5946376089998466
1773,0.04722144454717636,0.17641565203666687,0.6049497420001444
1774,0.044396936893463135,0.16232363879680634,0.5834969359998468
1775,0.056572310626506805,0.1368895173072815,0.7138656800000263
1776,0.04630067199468613,0.09260845929384232,7.06348415299999
1777,0.05215517431497574,0.17177990078926086,0.38544594600011806
1778,0.04828610271215439,0.1150272861123085,0.42077888799985885
1779,0.0397772416472435,0.05538788437843323,0.3952822109999943
1780,0.05023621767759323,0.17706941068172455,0.3976769539999623
1781,0.04030076414346695,0.055187225341796875,0.40941781600008653
1782,0.04242997616529465,0.07652796059846878,0.41362431399988964
1783,0.04279680177569389,0.07313358783721924,0.47136695300014253
1784,0.04416748881340027,0.14663797616958618,0.6103010389999781
1785,0.05001980811357498,0.1605129837989807,0.6552527940000346
1786,0.04326687008142471,0.09778717160224915,0.707137745999944
1787,0.04302075505256653,0.17426936328411102,0.6297701020000659
1788,0.04676598310470581,0.17418977618217468,0.6930382610000834
1789,0.051929082721471786,0.2604411840438843,0.6596874260001186
1790,0.04452645778656006,0.1301049143075943,0.5202283969999826
1791,0.07666103541851044,89.51068115234375,0.4095229350000409
1792,0.04208142310380936,0.06852290034294128,0.4255478759998823
1793,0.04896918311715126,0.20983003079891205,0.3840702570000758
1794,0.06049568951129913,0.2747999131679535,0.41091223499984153
1795,0.050275467336177826,0.16283516585826874,0.4299518950001584
1796,0.04638903960585594,0.16584835946559906,0.4113088389999575
1797,0.05814957991242409,0.28380873799324036,0.41095508099988365
1798,0.0434134379029274,0.1538812220096588,0.3833008520000476
1799,0.04080420732498169,0.05148478224873543,0.39648556300016935
1800,0.043217241764068604,9.4302339553833,0.4005538169999454
1801,0.0499732680618763,0.24188821017742157,0.40961590899996736
1802,0.04604146629571915,0.10911975800991058,0.4352877069998158
1803,0.04096289724111557,0.07400188595056534,0.380125734999865
1804,0.04995141178369522,0.20148631930351257,0.4369220450000739
1805,0.05194256454706192,0.2759969234466553,0.4256410519999463
1806,0.046728067100048065,0.6478352546691895,0.40386764900017624
1807,0.0455535426735878,0.11110939830541611,0.41696946799993384
1808,0.04523415118455887,0.11439567804336548,0.38495484599980045
1809,0.0612262561917305,0.38693639636039734,0.4091086549999545
1810,0.1173466220498085,1.1812102794647217,0.4043548469999223
1811,0.04306970164179802,0.1331489384174347,0.4074080249999952
1812,0.04635131359100342,0.22312858700752258,0.373481628999798
1813,0.043613530695438385,0.13300170004367828,0.36852361999990535
1814,0.04659103602170944,0.1283830851316452,0.3988242979999086
1815,0.043392084538936615,0.16711054742336273,0.6104895210000905
1816,0.04263651371002197,0.08625589311122894,0.5831436660000691
1817,0.05653339624404907,0.35918915271759033,0.6285701409999547
1818,0.04743244871497154,0.1588888019323349,0.6403834289999395
1819,0.049334969371557236,0.1376393437385559,0.604167877000009
1820,0.041348785161972046,0.06369088590145111,0.5948113770000418
1821,0.047870099544525146,0.11351873725652695,0.5743846020000092
1822,0.04609566554427147,0.16177766025066376,0.39992378099987036
1823,0.07909222692251205,0.361659437417984,0.38428930500003844
1824,0.07353908568620682,0.5704818964004517,0.373048825000069
1825,0.04155157506465912,0.06613931059837341,0.3935592299999371
1826,0.03985246270895004,0.0565723292529583,0.37903423899979316
1827,0.05117592215538025,0.25935086607933044,0.383653288000005
1828,0.041547514498233795,0.07758821547031403,0.3819330080000327
1829,0.053846850991249084,0.21173277497291565,0.3771463049999966
1830,0.04278801754117012,0.09596683084964752,0.3958629850001216
1831,0.05679352954030037,0.1657627820968628,0.39328159799993045
1832,0.045627035200595856,0.12389884144067764,0.3780378030000975
1833,0.06722193211317062,0.24257826805114746,0.4040989889999764
1834,0.04588087648153305,0.1706273853778839,0.3781868779999513
1835,0.04613514989614487,0.16196198761463165,0.3857014780001009
1836,0.04495023936033249,0.16711723804473877,0.3993838940000387
1837,0.04217422008514404,0.08532846719026566,0.38388472299993737
1838,0.05220363661646843,0.23682013154029846,0.4004901550001705
1839,0.04434783011674881,0.12707021832466125,0.3731323160000102
1840,0.04600566253066063,0.11230121552944183,0.38967151499991814
1841,0.0548454113304615,0.2171824872493744,0.4112366159999965
1842,0.06272649765014648,0.30208101868629456,0.392517880000014
1843,0.043491557240486145,0.12291482836008072,0.39532074299995656
1844,0.04131300747394562,0.09937772154808044,0.4028848120001385
1845,0.0588081032037735,0.3256637752056122,0.3723670659999243
1846,0.16291239857673645,1.082519292831421,0.40033972499986703
1847,0.04775386303663254,0.17932085692882538,0.505075603000023
1848,0.04441910982131958,0.10624542087316513,0.6154353859999446
1849,0.04487842321395874,0.11757849901914597,0.585481886000025
1850,0.043584611266851425,0.1866338700056076,0.5701177609998922
1851,0.043140292167663574,0.14592412114143372,0.5965183719999914
1852,0.047132402658462524,0.2168893814086914,0.6183333710000625
1853,0.06866717338562012,0.28898683190345764,0.6143856569999571
1854,0.04184352979063988,0.11294178664684296,0.46478476700008287
1855,0.05019058287143707,0.19298486411571503,0.3963481860000684
1856,0.0422167144715786,0.06455137580633163,0.39140156799999204
1857,0.04210176318883896,0.09322918951511383,0.39906129500013776
1858,0.04166031628847122,0.07824330776929855,0.3864498810000896
1859,0.04177132993936539,0.08621063083410263,0.4135169710000355
1860,0.041560251265764236,0.10745162516832352,0.39564870799995333
1861,0.041350532323122025,0.058621130883693695,0.3834752339998886
1862,0.0441584475338459,0.07792527973651886,0.3816034880001098
1863,0.04361492395401001,0.10728035122156143,0.38357538299987937
1864,0.04097967594861984,0.11243927478790283,0.40818530499996086
1865,0.04512535408139229,0.6502149105072021,0.38088737800012495
1866,0.04701381176710129,0.1082053855061531,0.39870413100015867
1867,0.04651091992855072,0.1389424055814743,0.3966180950001217
1868,0.04011351987719536,0.0971163734793663,0.38744315999997525
1869,0.08511604368686676,0.3034287989139557,0.40063491399996565
1870,0.04903221130371094,0.1284334361553192,0.37241130900019925
1871,0.045274365693330765,0.13807624578475952,0.3871245050002017
1872,0.04149303585290909,0.13354408740997314,0.40372258800016425
1873,0.06747965514659882,0.3419385254383087,0.4125261900001078
1874,0.04073282331228256,0.09377918392419815,0.4215552470000148
1875,0.04367636889219284,0.1382678747177124,0.38838456899998164
1876,0.045429348945617676,0.14637789130210876,0.36901075599985234
1877,0.042186349630355835,0.1252780556678772,0.40235030200005895
1878,0.039332181215286255,0.06071830168366432,0.37519947499981754
1879,0.046026989817619324,0.15595905482769012,0.4645894739999221
1880,0.05714672803878784,0.2808960974216461,0.6117114389999188
1881,0.04269539564847946,0.12078863382339478,0.6287943519998862
1882,0.040693290531635284,0.06148919835686684,0.5666712320000897
1883,0.04865856468677521,0.2237093150615692,0.6045794260001003
1884,0.03927600383758545,0.044722821563482285,0.6129576700000143
1885,0.041907720267772675,0.06045208126306534,0.5871418149999954
1886,0.044225599616765976,0.15031184256076813,0.5826560369998788
1887,0.04397406429052353,0.1555587500333786,0.4099302639999678
1888,0.041858017444610596,0.08012326061725616,0.3848840979999295
1889,0.04199477657675743,0.14033232629299164,0.4049117600000045
1890,0.05403265357017517,0.20667167007923126,0.40541363300008015
1891,0.0426277220249176,0.13615846633911133,0.3815275060001113
1892,0.04367386922240257,0.1540096551179886,0.4210660950000147
1893,0.03938605636358261,0.06695105880498886,0.4065758910001023
1894,0.059123147279024124,0.28501126170158386,0.38557959199988545
1895,0.04553867131471634,0.18999210000038147,0.39157598499991764
1896,0.10966731607913971,0.6790550947189331,0.37569235000000845
1897,0.06034385785460472,0.27674803137779236,0.41490608399999473
1898,0.04100903123617172,0.11981247365474701,0.4136771790001603
1899,0.05393977463245392,0.15648141503334045,0.41366691200005334
1900,0.04220864176750183,0.13887663185596466,0.4104793400001654
1901,0.05169430375099182,0.14775973558425903,0.4236308550000558
1902,0.0783800408244133,0.27856457233428955,0.408742077999932
1903,0.0741511881351471,0.7250522375106812,0.3641487689999394
1904,0.05730532109737396,0.31671568751335144,0.3732889709999654
1905,0.039397574961185455,0.08059243112802505,0.4081491269998878
1906,0.042656153440475464,0.0906166359782219,0.3884923069999786
1907,0.04009036719799042,0.07552468776702881,0.3845352210000783
1908,0.04044543579220772,0.08416695147752762,0.4164924060000885
1909,0.04004255309700966,0.0755997821688652,0.4021806410000863
1910,0.06448915600776672,0.2752762734889984,0.40883634700003313
1911,0.04264606907963753,0.0701787918806076,0.4915709130000323
1912,0.0418008491396904,0.1197536438703537,0.6249374819999503
1913,0.03878209739923477,0.061986882239580154,0.586905864000073
1914,0.040995314717292786,0.09235739707946777,0.5934829099999206
1915,0.04751018062233925,0.18585516512393951,0.5868220339998516
1916,0.05277590826153755,0.21511436998844147,0.6123880390000522
1917,0.03879056125879288,0.2101851850748062,0.6119924469999205
1918,0.04231993108987808,0.15393845736980438,0.48740089100010664
1919,0.039577074348926544,0.07991183549165726,0.37609965000001466
1920,0.04987772926688194,0.19175128638744354,0.3887803940001504
1921,0.0444471649825573,1.3783544301986694,0.3716920020001453
1922,0.06713014841079712,0.3611270785331726,0.4057937729999139
1923,0.044838905334472656,0.12309495359659195,0.40205708999997114
1924,0.04294629395008087,0.17411649227142334,0.3761755919999814
1925,0.042875178158283234,0.14493243396282196,0.3798900899998898
1926,0.04210253804922104,0.09757490456104279,0.39092329999994035
1927,0.04172547161579132,0.14060848951339722,0.36889057700000194
1928,0.042945973575115204,0.11468667536973953,0.40233969700011585
1929,0.040023379027843475,0.05532559007406235,0.3925381169999582
1930,0.0454697459936142,0.1779877096414566,0.40825526399999035
1931,0.0404910072684288,0.9119523763656616,0.4091682519999722
1932,0.041096098721027374,0.11474064737558365,0.3765833259999454
1933,0.04034484177827835,0.09481853991746902,0.3985774949999268
1934,0.04171176254749298,0.12438423186540604,0.3715303619999304
1935,0.041877321898937225,0.11619099974632263,0.39039174799995635
1936,0.04246512055397034,0.09224026650190353,0.40512167799988674
1937,0.04332714527845383,0.14672428369522095,0.3797251469998173
1938,0.04848559573292732,3.744713068008423,0.3832563930000106
1939,0.04043284431099892,0.10286346077919006,0.38812049200009824
1940,0.04767782986164093,0.18101373314857483,0.36938391700005013
1941,0.04294422268867493,0.12591931223869324,0.4039601510000921
1942,0.040043555200099945,0.08294990658760071,0.4009349689999908
1943,0.047272730618715286,0.1337100863456726,0.3838229590000992
1944,0.044231560081243515,0.1146174892783165,0.5816363290000481
1945,0.04226050525903702,0.1152963861823082,0.5880244780000794
1946,0.038545507937669754,0.05379047617316246,0.6093948720001663
1947,0.05893572419881821,0.258789598941803,0.6539281959999244
1948,0.03956153616309166,0.08144265413284302,0.6241002940000726
1949,0.05659749358892441,0.2727157771587372,0.6122157889999471
1950,0.04884341359138489,0.9271977543830872,0.5974812340000426
1951,0.06065702065825462,0.30545589327812195,0.39623467699993853
1952,0.04688820242881775,0.30983006954193115,0.3825175690001288
1953,0.04384397715330124,0.10022001713514328,0.39793466600008287
1954,0.06583593040704727,0.17591579258441925,0.39763906200005295
1955,0.0450393408536911,0.19562380015850067,0.39374004999990575
1956,0.04556659609079361,0.18929849565029144,0.4036201000001256
1957,0.042900294065475464,0.10358495265245438,0.3941161780001039
1958,0.055757809430360794,0.14415915310382843,0.3928287139999611
1959,0.04095736891031265,0.10480394214391708,0.4101030639999408
1960,0.04382707551121712,0.07888318598270416,0.39213398399988364
1961,0.05107581615447998,0.12024129927158356,0.38684060600007797
1962,0.042228590697050095,0.0881517305970192,0.39724681799998507
1963,0.05129627138376236,0.171855166554451,0.38910000300006686
1964,0.04200082644820213,0.06578691303730011,0.40280190799990123
1965,0.04126477614045143,0.08060053735971451,0.3816455280000355
1966,0.040606915950775146,0.06984767317771912,0.38867691800010107
1967,0.05164668709039688,0.2269798368215561,0.4104092380000566
1968,0.04257696121931076,2.0203678607940674,0.39223751899999115
1969,0.043689459562301636,0.12964151799678802,0.39812884200000553
1970,0.043026894330978394,16.71242904663086,0.38655239100012295
1971,0.03917938098311424,20.43391227722168,0.38982053900008395
1972,0.04482712596654892,0.1672412008047104,0.39977579299988975
1973,0.05294805020093918,0.21637366712093353,0.39639122600010523
1974,0.05174888297915459,0.22771459817886353,0.3866464489999544
1975,0.04207659512758255,0.19035480916500092,0.4068143560000408
1976,0.07041485607624054,0.3159412443637848,0.5842718240000977
1977,0.04265613853931427,0.121430903673172,0.6167549490000965
1978,0.04320674389600754,0.12534065544605255,0.6200060940000185
1979,0.053011804819107056,0.20336872339248657,0.6220667430000049
1980,0.05007442086935043,0.13600894808769226,0.6199304539998138
1981,0.052733950316905975,0.17799267172813416,0.6112524850000227
1982,0.0424877367913723,0.1454128473997116,0.6083776000000398
1983,0.04407702386379242,0.12025494128465652,0.38858441200000016
1984,0.04300094395875931,0.17732617259025574,0.3954092920000676
1985,0.04589223861694336,0.15119779109954834,0.3851937919998818
1986,0.04085172712802887,8.586676597595215,0.3672752649999893
1987,0.0654778778553009,0.5931208729743958,0.39585029699992447
1988,0.041754044592380524,0.1068323627114296,0.3782986979999805
1989,0.060753416270017624,0.26634639501571655,0.4071086149999701
1990,0.05161876231431961,0.2590820789337158,0.382271596999999
1991,0.04508751258254051,0.30069786310195923,0.38310538799987626
1992,0.06940697133541107,0.7151182889938354,0.4018206650000593
1993,0.04875357821583748,10.08894157409668,0.3772332159999223
1994,0.046369768679142,0.10765844583511353,0.36840750500005015
1995,0.05016107112169266,0.18987174332141876,0.4019178799999281
1996,0.0521780364215374,0.23125183582305908,0.3735109500000817
1997,0.05962947756052017,0.36186304688453674,0.3932794649999778
1998,0.06412813067436218,0.3226958215236664,0.3633687269998518
1999,0.04741121828556061,1.0493512153625488,0.37432065999996667
2000,0.04373060166835785,0.12467491626739502,0.4099393719998261
